id,regiao,cidade,nome_curso,modalidade,vagas,turno,momento_presencial,horario_aulas,duracao_mes,data_inicio,data_inicio_matricula,valor_curso,created_at,updated_at,endereco
1,Campos Gerais,Guarapuava,Automação Industrial,EAD,36,Noturno,Quarta-feira,18h30 - 22h30,24,2025-06-16,2025-04-14,1923.7,2025-04-29 17:23:03,2025-04-29 17:23:03, Rua Coronel Lustosa 1736 CEP: 85015-340 Guarapuava - PR
2,Campos Gerais,Guarapuava,Eletromecânica,Presencial,30,Noturno,Segunda a Sexta-feira,18h30 - 22h30,24,2025/08/04,2025-04-15,3462.65,2025-04-29 17:23:08,2025-06-16 14:43:52.194025,Rua Coronel Lustosa 1736 CEP: 85015-340 Guarapuava - PR
3,Campos Gerais,Guarapuava,Eletrotécnica,EAD,30,Noturno,Terça e Quinta-feira,18h30 - 22h30,24,2025-06-16,2025-04-14,1923.7,2025-04-29 17:23:12,2025-04-29 17:23:12,Rua Coronel Lustosa 1736 CEP: 85015-340 Guarapuava - PR
4,Campos Gerais,Irati,Automação Industrial,EAD,25,Integral,Sábado,08h00 - 17h00,24,2025/08/04,2025-04-11,1923.0,2025-04-29 17:23:17,2025-06-16 14:43:52.195207,Rua Coronel Emilio Gomes 3 CEP: 84500-000 Irati - PR
5,Campos Gerais,Irati,Eletrotécnica,EAD,25,Integral,Sábado,08h00 - 17h00,24,2025/08/04,2025-04-11,1923.0,2025-04-29 17:23:22,2025-06-16 14:43:52.196384,Rua Coronel Emilio Gomes 3 CEP: 84500-000 Irati - PR
6,Campos Gerais,Irati,Segurança do Trabalho,EAD,25,Integral,Sábado,18h30 - 22h30,24,2025-06-02,2025-04-11,1507.0,2025-04-29 17:23:26,2025-04-29 17:23:26,Rua Coronel Emilio Gomes 3 CEP: 84500-000 Irati - PR
7,Campos Gerais,Jaguariaíva,Automação Industrial,EAD,40,Noturno,Segunda-feira,18h30 - 22h30,24,2025-06-02,2025-04-11,1923.7,2025-04-29 17:23:31,2025-04-29 17:23:31,Rua Raul Pinto de Castilho Snº CEP: 84200-000 Jaguariaíva - PR
8,Campos Gerais,Jaguariaíva,Eletrotécnica,EAD,40,Noturno,Segunda e Quinta-feira,18h30 - 22h30,24,2025-06-02,2025-04-11,1923.7,2025-04-29 17:23:35,2025-04-29 17:23:35,Rua Raul Pinto de Castilho Snº CEP: 84200-000 Jaguariaíva - PR
9,Campos Gerais,Ponta Grossa,Automação Industrial,Presencial,35,Noturno,Segunda a Sexta-feira,18h30 - 22h30,24,2025/08/04,2025-04-14,3462.65,2025-04-29 17:23:39,2025-06-16 14:43:52.197554,Rua Joaquim De Paula Xavier 1050 CEP: 84050-000 Ponta Grossa - PR
10,Campos Gerais,Ponta Grossa,Automação Industrial,EAD,35,Integral,Sábado,08h00 - 17h00,24,2025/08/04,2025-04-14,1923.7,2025-04-29 17:23:44,2025-06-16 14:43:52.198718,Rua Joaquim De Paula Xavier 1050 CEP: 84050-000 Ponta Grossa - PR
11,Campos Gerais,Ponta Grossa,Biotecnologia,EAD,35,Noturno,Quinta-feira,18h30 - 22h30,24,2025/08/04,2025-04-14,1923.7,2025-04-29 17:23:48,2025-06-16 14:43:52.199905,Rua Joaquim De Paula Xavier 1050 CEP: 84050-000 Ponta Grossa - PR
12,Campos Gerais,Ponta Grossa,Desenvolvimento de Sistemas,EAD,35,Matutino,Sábado,08h00 - 12h00,18,2025-06-02,2025-04-14,1923.7,2025-04-29 17:23:52,2025-04-29 17:23:52,Rua Joaquim De Paula Xavier 1050 CEP: 84050-000 Ponta Grossa - PR
13,Campos Gerais,Ponta Grossa,Eletromecânica,EAD,35,Integral,Sábado,08h00 - 17h00,24,2025/08/04,2025-04-14,1923.7,2025-04-29 17:23:57,2025-06-16 14:43:52.201095,Rua Joaquim De Paula Xavier 1050 CEP: 84050-000 Ponta Grossa - PR
14,Campos Gerais,Ponta Grossa,Eletromecânica,Presencial,35,Noturno,Segunda a Sexta-feira,18h30 - 22h30,24,2025-06-02,2025-04-14,3462.65,2025-04-29 17:24:01,2025-04-29 17:24:01,Rua Joaquim De Paula Xavier 1050 CEP: 84050-000 Ponta Grossa - PR
15,Campos Gerais,Ponta Grossa,Eletrotécnica,EAD,35,Integral,Sábado,08h00 - 17h00,24,2025-06-02,2025-04-14,1923.7,2025-04-29 17:24:05,2025-04-29 17:24:05,Rua Joaquim De Paula Xavier 1050 CEP: 84050-000 Ponta Grossa - PR
16,Campos Gerais,Ponta Grossa,Manutenção Automotiva,EAD,35,Integral,Sábado,08h00 - 17h00,24,2025-06-02,2025-04-14,1923.7,2025-04-29 17:24:10,2025-04-29 17:24:10,Rua Joaquim De Paula Xavier 1050 CEP: 84050-000 Ponta Grossa - PR
17,Campos Gerais,Ponta Grossa,Manutenção Automotiva,Presencial,35,Noturno,Segunda a Sexta-feira,18h30 - 22h30,24,2025-06-02,2025-04-14,1923.7,2025-04-29 17:24:14,2025-04-29 17:24:14,Rua Joaquim De Paula Xavier 1050 CEP: 84050-000 Ponta Grossa - PR
18,Campos Gerais,Ponta Grossa,Química,EAD,35,Noturno,Quarta-feira,18h30 - 22h30,24,2025-06-02,2025-04-14,1923.7,2025-04-29 17:24:19,2025-04-29 17:24:19,Rua Joaquim De Paula Xavier 1050 CEP: 84050-000 Ponta Grossa - PR
19,Campos Gerais,São Mateus do Sul,Mecânica,Presencial,35,Vespertino,Segunda a Sexta-feira,13h30 - 17h30,24,2025-06-02,2025-04-11,3986.15,2025-04-29 17:24:27,2025-04-29 17:24:27,Rua Maria Paulina Wolter 2050 CEP: 83900-000 São Mateus do Sul - PR
20,Campos Gerais,Telêmaco Borba,Automação Industrial,EAD,40,Noturno,Quarta-feira,18h30 - 22h30,24,2025-06-02,2025-04-10,1923.7,2025-04-29 17:24:32,2025-04-29 17:24:32,Avenida Presidente Kennedy 66 CEP: 84261-400 Telêmaco Borba - PR
21,Campos Gerais,Telêmaco Borba,Automação Industrial,Presencial,40,Vespertino,Segunda a Sexta-feira,13h30 - 17h30,24,2025-06-02,2025-04-10,3462.65,2025-04-29 17:24:36,2025-04-29 17:24:36,Avenida Presidente Kennedy 66 CEP: 84261-400 Telêmaco Borba - PR
22,Campos Gerais,Telêmaco Borba,Celulose e Papel,EAD,40,Noturno,Segunda-feira,18h30 - 22h30,24,2025-06-02,2025-04-10,1923.7,2025-04-29 17:24:45,2025-04-29 17:24:45,Avenida Presidente Kennedy 66 CEP: 84261-400 Telêmaco Borba - PR
23,Campos Gerais,Telêmaco Borba,Celulose e Papel,Presencial,40,Vespertino,Segunda a Sexta-feira,13h30 - 17h30,24,2025-06-02,2025-04-10,3147.29,2025-04-29 17:24:49,2025-04-29 17:24:49,Avenida Presidente Kennedy 66 CEP: 84261-400 Telêmaco Borba - PR
24,Campos Gerais,Telêmaco Borba,Celulose e Papel,Presencial,40,Noturno,Segunda a Sexta-feira,18h30 - 22h30,24,2025-06-02,2025-04-10,3147.29,2025-04-29 17:24:54,2025-04-29 17:24:54,Avenida Presidente Kennedy 66 CEP: 84261-400 Telêmaco Borba - PR
25,Campos Gerais,Telêmaco Borba,Mecânica,EAD,40,Noturno,Terça-feira,18h30 - 22h30,24,2025-06-02,2025-04-10,1923.7,2025-04-29 17:25:02,2025-04-29 17:25:02,Avenida Presidente Kennedy 66 CEP: 84261-400 Telêmaco Borba - PR
26,Campos Gerais,Telêmaco Borba,Segurança do Trabalho,EAD,40,Noturno,Terça-feira,18h30 - 22h30,24,2025-06-02,2025-04-10,1507.42,2025-04-29 17:25:07,2025-04-29 17:25:07,Avenida Presidente Kennedy 66 CEP: 84261-400 Telêmaco Borba - PR
27,Curitiba,Boqueirão,Administração,EAD,35,Vespertino,Quarta-feira,13h30 - 17h30,12,2025-06-02,2025-04-12,1507.42,2025-04-29 17:25:16,2025-04-29 17:25:16,Rua Doutor Heleno Da Silveira 351 CEP: 81750-340 Curitiba - PR
28,Curitiba,Boqueirão,Manutenção Automotiva,EAD,35,Matutino,Sexta-feira,08h00 - 12h00,24,2025-06-02,2025-04-10,1923.7,2025-04-29 17:25:20,2025-04-29 17:25:20,Rua Doutor Heleno Da Silveira 351 CEP: 81750-340 Curitiba - PR
29,Curitiba,Campus da Indústria,Desenvolvimento de Sistemas,EAD,35,Noturno,Quarta-feira,18h30 - 22h30,18,2025-06-02,2025-04-11,1923.7,2025-04-29 17:25:24,2025-04-29 17:25:24,Avenida Comendador Franco 1341 CEP: 80215-090 Curitiba - PR
30,Curitiba,Campus da Indústria,Edificações,EAD,35,Vespertino,Quinta-feira,13h30 - 17h30,24,2025/08/04,2025-04-11,1923.7,2025-04-29 17:25:29,2025-06-16 14:43:52.191389,Avenida Comendador Franco 1341 CEP: 80215-090 Curitiba - PR
31,Curitiba,Campus da Indústria,Edificações,EAD,35,Noturno,Terça-feira,18h30 - 22h30,24,2025-06-02,2025-04-11,1923.7,2025-04-29 17:25:33,2025-04-29 17:25:33,Avenida Comendador Franco 1341 CEP: 80215-090 Curitiba - PR
32,Curitiba,Campus da Indústria,Qualidade,EAD,35,Noturno,Quarta-feira,18h30 - 22h30,18,2025-06-02,2025-04-11,1507.42,2025-04-29 17:25:37,2025-04-29 17:25:37,Avenida Comendador Franco 1341 CEP: 80215-090 Curitiba - PR
33,Curitiba,Campus da Indústria,Segurança do Trabalho,EAD,35,Noturno,Quinta-feira,18h30 - 22h30,24,2025-06-02,2025-04-11,1507.42,2025-04-29 17:25:44,2025-04-29 17:25:44,Avenida Comendador Franco 1341 CEP: 80215-090 Curitiba - PR
34,Curitiba,Campus da Indústria,Vestuário,EAD,35,Noturno,Quinta-feira,18h30 - 22h30,24,2025-06-02,2025-04-11,1923.7,2025-04-29 17:25:48,2025-04-29 17:25:48,Avenida Comendador Franco 1341 CEP: 80215-090 Curitiba - PR
35,Curitiba,CIC,Mecânica,EAD,35,Vespertino,Sexta-feira,13h30 - 17h30,24,2025-06-02,2025-04-09,1923.7,2025-04-29 17:25:52,2025-04-29 17:25:52,Rua Senador Accioly Filho 298 CEP: 81310-000 Curitiba - PR
36,Curitiba,CIC,Mecatrônica,EAD,35,Vespertino,Terça e Quinta-feira,13h30 - 17h30,24,2025-06-02,2025-04-09,1923.7,2025-04-29 17:25:57,2025-04-29 17:25:57,Rua Senador Accioly Filho 298 CEP: 81310-000 Curitiba - PR
37,Curitiba,Centro - Curitiba, Automação Industrial,EAD,40,Noturno,Terça-feira,18h30 - 22h30,24,2025-06-02,2025-04-09,1923.7,2025-04-29 17:26:01,2025-04-29 17:26:01,R Paula Gomes 270 - São Francisco Curitiba - PR 80510-070 Curitiba - PR
38,Curitiba,Centro - Curitiba,Desenvolvimento de Sistemas,EAD,40,Noturno,Segunda a Sexta-feira,18h30 - 22h30,18,2025-06-02,2025-04-09,1923.7,2025-04-29 17:26:05,2025-04-29 17:26:05,R Paula Gomes 270 - São Francisco Curitiba - PR 80510-070 Curitiba - PR
39,Curitiba,Centro - Curitiba,Desenvolvimento de Sistemas,Presencial,40,Vespertino,Segunda a Sexta-feira,13h30 - 17h30,18,2025-06-02,2025-04-09,2705.79,2025-04-29 17:26:10,2025-04-29 17:26:10,R Paula Gomes 270 - São Francisco Curitiba - PR 80510-070 Curitiba - PR
40,Curitiba,Centro - Curitiba,Desenvolvimento de Sistemas,Presencial,40,Noturno,Segunda a Sexta-feira,18h30 - 22h30,18,2025-06-02,2025-04-09,2705.79,2025-04-29 17:26:14,2025-04-29 17:26:14,R Paula Gomes 270 - São Francisco Curitiba - PR 80510-070 Curitiba - PR
41,Noroeste,Campo Mourão,Eletrônica,EAD,25,Noturno,Quinta-feira,19h00 - 23h00,24,2025/08/04,2025-04-09,1923.7,2025-04-29 17:26:18,2025-06-16 14:43:52.188596,Via do trabalhador 895 Parque Industrial Augusto Tezelli Filho Campo Mourão - PR
42,Noroeste,Campo Mourão,Eletrotécnica,EAD,25,Noturno,Segunda e Terça-feira,19h00 - 23h00,24,2025-06-16,2025-04-09,1923.7,2025-04-29 17:26:23,2025-04-29 17:26:23,Via do trabalhador 895 Parque Industrial Augusto Tezelli Filho Campo Mourão - PR
43,Noroeste,Campo Mourão,Eletromecânica,EAD,25,Noturno,Segunda e Terça-feira,19h00 - 23h00,24,2025-06-16,2025-04-09,1923.7,2025-04-29 17:26:27,2025-04-29 17:26:27,Via do trabalhador 895 Parque Industrial Augusto Tezelli Filho Campo Mourão - PR
44,Noroeste,Cianorte,Eletromecânica,EAD,25,Noturno,Quarta-feira,19h00 - 23h00,24,2025-06-16,2025-04-09,1923.7,2025-04-29 17:26:31,2025-04-29 17:26:31,Travessa Um 63 CEP: 87207-034 Cianorte - PR
45,Noroeste,Cianorte,Eletromecânica,EAD,25,Integral,Sábado,08h00 - 17h00,24,2025-06-16,2025-04-09,1923.7,2025-04-29 17:26:36,2025-04-29 17:26:36,Travessa Um 63 CEP: 87207-034 Cianorte - PR
46,Noroeste,Cianorte,Eletrotécnica,EAD,25,Noturno,Quarta e Quinta-feira,19h00 - 23h00,24,2025-06-16,2025-04-09,1923.7,2025-04-29 17:26:40,2025-04-29 17:26:40,Travessa Um 63 CEP: 87207-034 Cianorte - PR
47,Noroeste,Maringá,Automação Industrial ,EAD,30,Noturno,Terça-feira,19h00 - 23h00,24,2025-06-16,2025-04-10,1923.7,2025-04-29 17:26:44,2025-04-29 17:26:44,Rua Jose Correia De Aguiar 361 CEP: 87053-276 Maringá - PR
48,Noroeste,Maringá,Eletromecânica,EAD,30,Noturno,Terça-feira,19h00 - 23h00,24,2025-06-16,2025-04-10,1923.7,2025-04-29 17:26:53,2025-04-29 17:26:53,Rua Jose Correia De Aguiar 361 CEP: 87053-276 Maringá - PR
49,Noroeste,Maringá,Manutenção Automotiva,EAD,30,Integral,Sábado,08h00 - 17h00,24,2025-06-16,2025-04-10,1923.7,2025-04-29 17:26:57,2025-04-29 17:26:57,Rua Vereador Nelson Abrao 80 Zona 05 CEP: 87015-230 Maringá - PR
50,Noroeste,Maringá,Segurança do Trabalho,EAD,30,Noturno,Quarta-feira,19h00 - 23h00,24,2025-06-16,2025-04-10,1507.42,2025-04-29 17:27:02,2025-04-29 17:27:02,Rua Vereador Nelson Abrao 80 Zona 05 CEP: 87015-230 Maringá - PR
51,Noroeste,Paranavaí,Automação Industrial,EAD,30,Integral,Sábado,08h00 - 17h00,24,2025-06-16,2025-04-09,1923.7,2025-04-29 17:27:06,2025-04-29 17:27:06,Rua José Virgílio Fernandes Snº CEP: 87706-360 Paranavaí - PR
52,Noroeste,Paranavaí,Eletromecânica,EAD,30,Integral,Sábado,08h00 - 17h00,24,2025-06-16,2025-04-09,1923.7,2025-04-29 17:27:10,2025-04-29 17:27:10,Rua José Virgílio Fernandes Snº CEP: 87706-360 Paranavaí - PR
53,Noroeste,Umuarama,Eletrotécnica,EAD,25,Integral,Sábado,09h00 - 18h00,24,2025-06-16,2025-04-10,1923.7,2025-04-29 17:27:19,2025-04-29 17:27:19,Rua Capital da Amizade 2635 CEP: 87506-305 Umuarama - PR
54,Noroeste,Umuarama,Automação Industrial,EAD,25,Integral,Sábado,9h - 18h,24,2025-06-16,2025-04-10,1923.7,2025-04-29 17:27:24,2025-04-29 17:27:24,Rua Capital da Amizade 2635 CEP: 87506-305 Umuarama - PR
55,Norte,Arapongas,Desenvolvimento de Sistemas,EAD,25,Integral,Sábado,08h00 - 17h00,18,2025-06-16,2025-04-15,1923.72,2025-04-29 17:27:32,2025-04-29 17:27:32,Avenida Maracanã 3260 CEP: 86705-582 Arapongas - PR
56,Norte,Arapongas,Eletrotécnica,EAD,25,Noturno,Quarta e Quinta-feira,18:50 - 22:50,24,2025-06-16,2025-04-15,1923.72,2025-04-29 17:27:37,2025-04-29 17:27:37,Avenida Maracanã 3260 CEP: 86705-582 Arapongas - PR
57,Norte,Londrina,Automação Industrial,EAD,35,Noturno,Quarta-feira,19h00 - 23h00,24,2025-06-16,2025-04-14,1923.7,2025-04-29 17:27:41,2025-04-29 17:27:41,Rua Belém 844 CEP: 86026-040 Londrina - PR
58,Norte,Londrina,Desenvolvimento de Sistemas,EAD,35,Noturno,Terça-feira,19h00 - 23h00,18,2025-06-16,2025-04-07,1923.7,2025-04-29 17:27:45,2025-04-29 17:27:45,Rua Belém 844 CEP: 86026-040 Londrina - PR
59,Norte,Londrina,Mecatrônica,EAD,35,Integral,Sábado,08h00 - 17h00,24,2025-06-16,2025-04-23,1923.7,2025-04-29 17:27:50,2025-04-29 17:27:50,Rua Belém 844 CEP: 86026-040 Londrina - PR
60,Norte,Londrina,Desenvolvimento de Sistemas,EAD,35,Noturno,Terça-feira,19h00 - 23h00,18,2025-06-16,2025-04-14,1923.7,2025-04-29 17:27:54,2025-04-29 17:27:54,Rua Belém 844 CEP: 86026-040 Londrina - PR
61,Norte,Londrina,esenvolvimento de Sistemas,Presencial,35,Vespertino,Segunda a Sexta-feira,13h30 - 17h30,18,2025-06-16,2025-04-11,2705.79,2025-04-29 17:27:58,2025-04-29 17:27:58,Rua Belém 844 CEP: 86026-040 Londrina - PR
62,Norte,Londrina, Eletromecânica,EAD,35,Noturno,Segunda-feira,19h00 - 23h00,24,2025-06-16,2025-04-14,1923.7,2025-04-29 17:28:03,2025-04-29 17:28:03,Rua Belém 844 CEP: 86026-040 Londrina - PR
63,Norte,Londrina,Eletrotécnica,EAD,35,Noturno,Segunda e Quarta-feira,19h00 - 23h00,24,2025-06-16,2025-04-14,1923.7,2025-04-29 17:28:07,2025-04-29 17:28:07,Rua Belém 844 CEP: 86026-040 Londrina - PR
64,Norte,Londrina,Manutenção Automotiva,EAD,35,Noturno,Quarta e Quinta-feira,19h00 - 23h00,24,2025-06-16,2025-04-14,1923.7,2025-04-29 17:28:11,2025-04-29 17:28:11,Rua Belém 844 CEP: 86026-040 Londrina - PR
65,Norte,Londrina,Manutenção Automotiva,EAD,35,Vespertino,Segunda e Terça-feira,13h30 - 17h30,24,2025-06-16,2025-04-14,1923.7,2025-04-29 17:28:16,2025-04-29 17:28:16,Rua Belém 844 CEP: 86026-040 Londrina - PR
66,Norte,Londrina,Qualidade,EAD,35,Integral,Sábado,19h00 - 23h00,18,2025-06-16,2025-04-14,1507.42,2025-04-29 17:28:24,2025-04-29 17:28:24,Rua Belém 844 CEP: 86026-040 Londrina - PR
67,Norte,Londrina,Segurança do Trabalho,EAD,35,Noturno,Sexta-feira,19h00 - 23h00,24,2025-06-16,2025-04-14,1507.42,2025-04-29 17:28:29,2025-04-29 17:28:29,Rua Belém 844 CEP: 86026-040 Londrina - PR
68,Norte,Londrina,Vestuário,EAD,35,Noturno,Terça-feira,19h00 - 23h00,24,2025-06-16,2025-04-14,1923.7,2025-04-29 17:28:33,2025-04-29 17:28:33,Rua Belém 844 CEP: 86026-040 Londrina - PR
69,Norte,Santo Antonio da Platina,Automação Industrial,EAD,35,Integral,Sábado,08h00 - 17h00,24,2025-06-16,2025-04-09,1923.7,2025-04-29 17:28:37,2025-04-29 17:28:37,Rua José Vieira Gusmão 850 CEP: 86430-000 Santo Antonio da Platina - PR
70,Norte,Santo Antonio da Platina,Eletromecânica,EAD,35,Integral,Sábado,08h00 - 17h00,24,2025-06-16,2025-04-09,1923.7,2025-04-29 17:28:42,2025-04-29 17:28:42,Rua José Vieira Gusmão 850 CEP: 86430-000 Santo Antonio da Platina - PR
71,Norte,Santo Antonio da Platina,Eletromecânica,EAD,35,Noturno,Quarta-feira,18h30 - 22h30,24,2025-06-16,2025-04-09,1923.7,2025-04-29 17:28:46,2025-04-29 17:28:46,Rua José Vieira Gusmão 850 CEP: 86430-000 Santo Antonio da Platina - PR
72,Norte,Santo Antonio da Platina,Eletrotécnica,EAD,35,Integral,Sábado,08h00 - 17h00,24,2025-06-16,2025-04-09,1923.7,2025-04-29 17:28:51,2025-04-29 17:28:51,Rua José Vieira Gusmão 850 CEP: 86430-000 Santo Antonio da Platina - PR
73,Norte,Santo Antonio da Platina,Eletrotécnica,EAD,35,Noturno,Quarta e Sexta-feira,18h30 - 22h30,24,2025-06-16,2025-04-09,1923.7,2025-04-29 17:28:55,2025-04-29 17:28:55,Rua José Vieira Gusmão 850 CEP: 86430-000 Santo Antonio da Platina - PR
74,Oeste,Cascavel,Automação Industrial,Presencial,35,Noturno,Segunda a Sexta-feira,19h00 - 23h00,24,2025-06-16,2025-04-09,1923.7,2025-04-29 17:29:00,2025-04-29 17:29:00,Rua Heitor Stockler De França 161 CEP: 85819-760 Cascavel - PR
75,Oeste,Cascavel,Manutenção Automotiva,EAD,35,Noturno,Sexta-feira,19h00 - 23h00,24,2025-06-16,2025-04-11,1923.7,2025-04-29 17:29:04,2025-04-29 17:29:04,Rua Heitor Stockler De França 161 CEP: 85819-760 Cascavel - PR
76,Oeste,Foz do Iguaçu,Eletrotécnica,EAD,35,Noturno,Terça e Quinta-feira,18h30 - 22h30,24,2025-06-16,2025-04-14,1923.7,2025-04-29 17:29:08,2025-04-29 17:29:08,Rua Perdigão 58 CEP: 85866-460 Foz do Iguaçu - PR
77,Oeste,Marechal Cândido Rondon, Eletrotécnica,EAD,35,Integral,Segunda e Terça-feira,18h45 - 22h45,24,2025-06-16,2025-04-11,1923.72,2025-04-29 17:29:13,2025-04-29 17:29:13,Avenida Rio Grande do Sul 3133 CEP: 85960-000 Marechal Cândido Rondon - PR
78,Oeste,Toledo,Alimentos,EAD,40,Noturno,Quinta-feira,18h40 - 22h40,24,2025-06-16,2025-04-11,1923.7,2025-04-29 17:29:31,2025-04-29 17:29:31,Rua Julio de Castilhos 3465 CEP: 85904-175 Toledo - PR
79,Oeste,Toledo,Automação Industrial,EAD,40,Noturno,Terça-feira,18h40 - 22h40,24,2025-06-16,2025-04-11,1953.0,2025-04-29 17:29:35,2025-04-29 17:29:35,Rua Julio de Castilhos 3465 CEP: 85904-175 Toledo - PR
80,Oeste,Toledo,Edificações,EAD,40,Noturno,Segunda-feira,18h40 - 22h40,24,2025-06-16,2025-04-11,1953.0,2025-04-29 17:29:39,2025-04-29 17:29:39,Rua Julio de Castilhos 3465 CEP: 85904-175 Toledo - PR
81,Oeste,Toledo,Eletrotécnica,EAD,40,Noturno,Quarta e Quinta-feira,18h40 - 22h40,24,2025-06-16,2025-04-11,1953.0,2025-04-29 17:29:46,2025-04-29 17:29:46,Rua Julio de Castilhos 3465 CEP: 85904-175 Toledo - PR
82,Oeste,Toledo,Segurança do Trabalho,EAD,40,Noturno,Terça-feira,18h40 - 22h40,24,2025-06-16,2025-04-14,1507.44,2025-04-29 17:29:51,2025-04-29 17:29:51,Rua Julio de Castilhos 3465 CEP: 85904-175 Toledo - PR
83,RMC - Curitiba,São José dos Pinhais,Automação Industrial,EAD,35,Noturno,Quinta-feira,18h30 - 22h30,24,2025-06-16,2025-04-11,1923.7,2025-04-29 17:29:55,2025-04-29 17:29:55,Av Rui Barbosa 5881 - Afonso Pena 83045-350 São José dos Pinhais - PR
84,RMC - Curitiba,São José dos Pinhais,Mecânica,EAD,35,Noturno,Quarta-feira,18h30 - 22h30,24,2025-06-16,2025-04-11,1923.7,2025-04-29 17:30:00,2025-04-29 17:30:00,Av Rui Barbosa 5881 - Afonso Pena 83045-350 São José dos Pinhais - PR
85,RMC - Curitiba,São José dos Pinhais,Desenvolvimento de Sistemas,EAD,25,Noturno,Quarta-feira,18h30 - 22h30,18,2025-06-16,2025-04-11,1064.92,2025-04-29 17:30:05,2025-04-29 17:30:05,Av Rui Barbosa 5881 - Afonso Pena 83045-350 São José dos Pinhais - PR
86,RMC - Curitiba,São José dos Pinhais,Logística,EAD,25,Noturno,Quinta-feira,18h30 - 22h30,18,2025-06-16,2025-04-11,1064.92,2025-04-29 17:30:10,2025-04-29 17:30:10,Av Rui Barbosa 5881 - Afonso Pena 83045-350 São José dos Pinhais - PR
87,RMC - Curitiba,Campo Largo,Eletromecânica,EAD,42,Noturno,quinta feira,18h45 - 22h45,24,2025-06-16,2025-04-16,1923.7,2025-04-29 17:30:15,2025-04-29 17:30:15,Avenida Padre Natal Pigatto 2027 CEP: 83607-240 Campo Largo - PR
88,RMC - Curitiba,Colombo,Automação Industrial,EAD,30,Noturno,Quarta-feira,18h30 - 22h30,24,2025/08/04,2025-04-11,1923.7,2025-04-29 17:30:19,2025-06-16 14:43:52.192775,Av Pref João Batista Stocco 256 - Guaraituba Colombo - PR
89,RMC - Curitiba,Colombo,Eletromecânica,EAD,30,Noturno,Quarta-feira,18h30 - 22h30,24,2025-06-16,2025-04-11,1923.7,2025-04-29 17:30:24,2025-04-29 17:30:24,Av Pref João Batista Stocco 256 - Guaraituba Colombo - PR
90,RMC - Curitiba,Colombo,Eletromecânica,EAD,30,Integral,Sábado,08h00 - 17h00,24,2025-06-16,2025-04-11,1923.7,2025-04-29 17:30:28,2025-04-29 17:30:28,Av Pref João Batista Stocco 256 - Guaraituba Colombo - PR
91,RMC - Curitiba,Colombo,Eletrotécnica,EAD,30,Integral,Sábado,08h00 - 17h00,24,2025-06-16,2025-04-11,1923.7,2025-04-29 17:30:32,2025-04-29 17:30:32,Av Pref João Batista Stocco 256 - Guaraituba Colombo - PR
92,RMC - Curitiba,Colombo,Eletrotécnica,EAD,30,Noturno,Segunda-feira,18h30 - 22h30,24,2025-06-16,2025-04-11,1923.7,2025-04-29 17:30:37,2025-04-29 17:30:37,Av Pref João Batista Stocco 256 - Guaraituba Colombo - PR
93,RMC - Curitiba,Colombo,Química,EAD,30,Noturno,Segunda-feira,18h30 - 22h30,24,2025-06-16,2025-04-11,1923.7,2025-04-29 17:30:41,2025-04-29 17:30:41,Av Pref João Batista Stocco 256 - Guaraituba Colombo - PR
94,RMC - Curitiba,Paranaguá,Eletromecânica,EAD,35,Noturno,Segunda-feira,18h30 - 22h30,24,2025-06-16,2025-04-10,1923.7,2025-04-29 17:30:45,2025-04-29 17:30:45,Rua Presidente Washington Luiz 1189 CEP: 83221-052 Paranaguá - PR
95,RMC - Curitiba,Paranaguá,Mecatrônica,EAD,35,Noturno,Terça-feira,18h30 - 22h30,24,2025-06-16,2025-04-10,1923.0,2025-04-29 17:30:49,2025-04-29 17:30:49,Rua Presidente Washington Luiz 1189 CEP: 83221-052 Paranaguá - PR
96,RMC - Curitiba,Pinhais,Administração,EAD,35,Noturno,Segunda-feira,18h30 - 22h30,12,2025-06-16,2025-04-14,1923.7,2025-04-29 17:30:54,2025-04-29 17:30:54,Avenida Ayrton Senna da Silva 2650 CEP: 83323-290 Pinhais - PR
97,RMC - Curitiba,Pinhais,Automação Industrial,EAD,35,Noturno,Quarta-feira,18h30 - 22h30,24,2025-06-16,2025-04-14,1923.7,2025-04-29 17:30:58,2025-04-29 17:30:58,Avenida Ayrton Senna da Silva 2650 CEP: 83323-290 Pinhais - PR
98,RMC - Curitiba,Pinhais,Desenvolvimento de Sistemas,EAD,35,Noturno,Quarta-feira,18h30 - 22h30,18,2025-06-16,2025-04-14,1923.7,2025-04-29 17:31:02,2025-04-29 17:31:02,Avenida Ayrton Senna da Silva 2650 CEP: 83323-290 Pinhais - PR
99,RMC - Curitiba,Pinhais,Eletromecânica,EAD,35,Noturno,Quinta-feira,18h30 - 22h30,24,2025-06-16,2025-04-14,1923.7,2025-04-29 17:31:07,2025-04-29 17:31:07,Avenida Ayrton Senna da Silva 2650 CEP: 83323-290 Pinhais - PR
100,RMC - Curitiba,Pinhais,Eletrotécnica,EAD,35,Noturno,Terça e Quarta-feira,18h30 - 22h30,24,2025-06-16,2025-04-14,1923.7,2025-04-29 17:31:11,2025-04-29 17:31:11,Avenida Ayrton Senna da Silva 2650 CEP: 83323-290 Pinhais - PR
101,RMC - Curitiba,Pinhais,Logística,EAD,35,Matutino,Sábado,08h00 - 12h00,18,2025-06-16,2025-04-14,1923.7,2025-04-29 17:31:15,2025-04-29 17:31:15,Avenida Ayrton Senna da Silva 2650 CEP: 83323-290 Pinhais - PR
102,RMC - Curitiba,Pinhais,Mecânica,EAD,35,Noturno,Segunda-feira,18h30 - 22h30,24,2025-06-16,2025-04-14,1923.7,2025-04-29 17:31:20,2025-04-29 17:31:20,Avenida Ayrton Senna da Silva 2650 CEP: 83323-290 Pinhais - PR
103,RMC - Curitiba,Rio Negro,Desenvolvimento de Sistemas,EAD,30,Noturno,Quinta-feira,18h30 - 22h30,18,2025-06-16,2025-04-11,1923.7,2025-04-29 17:31:24,2025-04-29 17:31:24,Rua José Eduardo Henning 50 CEP: 83880-000 Rio Negro - PR
104,RMC - Curitiba,Rio Negro,Logística,Presencial,30,Noturno,Segunda à Sexta,18h30 - 22h30,18,2025-06-16,2025-04-11,2201.21,2025-04-29 17:31:28,2025-04-29 17:31:28,Rua José Eduardo Henning 50 CEP: 83880-000 Rio Negro - PR
105,RMC - Curitiba,Rio Negro,Qualidade,EAD,30,Noturno,Terça-feira,18h30 - 22h30,18,2025-06-16,2025-04-11,1507.42,2025-04-29 17:31:33,2025-04-29 17:31:33,Rua José Eduardo Henning 50 CEP: 83880-000 Rio Negro - PR
106,RMC - Curitiba,Rio Negro,Segurança do Trabalho,EAD,30,Noturno,Terça-feira,18h30 - 22h30,24,2025-06-16,2025-04-11,1507.42,2025-04-29 17:31:37,2025-04-29 17:31:37,Rua José Eduardo Henning 50 CEP: 83880-000 Rio Negro - PR
107,Sudoeste,Pato Branco, Eletromecânica,EAD,30,Integral,Sábado,08h00 - 17h00,24,2025-06-16,2025-04-22,1923.7,2025-04-29 17:32:00,2025-04-29 17:32:00,Rua Xingu 833 CEP: 85502-090 Pato Branco - PR
108,Sudoeste,Pato Branco, Eletrotécnica,Presencial,35,Noturno,Segunda a Sexta-feira,18h30 - 22h30,24,2025-06-16,2025-04-22,3147.29,2025-04-29 17:32:05,2025-04-29 17:32:05,Rua Xingu 833 CEP: 85502-090 Pato Branco - PR
109,Campos Gerais,Ponta Grossa,Segurança do Trabalho,EAD,35,Noturno,Quarta-feira,18h30 - 22h30,24,2025-06-02,2025-04-22,1507.42,2025-04-29 17:58:24,2025-04-29 17:58:24,Rua Joaquim De Paula Xavier 1050 CEP: 84050-000 Ponta Grossa - PR
110,Campos Gerais,Telêmaco Borba,Automação Industrial,Presencial,40,Noturno,Segunda a Sexta-feira,18h30 - 22h30,24,2025-06-02,2025-04-22,3149.27,2025-04-29 18:00:39,2025-04-29 18:00:39,Av Vidal de Negreiros 225 -  CEP 84261-560 - Telêmaco Borba - PR
111,Campos Gerais,Telêmaco Borba,Eletrotécnica,EAD,40,Noturno,Terça e Quinta-feira,18h30 - 22h30,24,2025-06-02,2025-04-22,1923.7,2025-04-29 18:01:46,2025-04-29 18:01:46,Av Vidal de Negreiros 225 -  CEP 84261-560 - Telêmaco Borba - PR
112,Campos Gerais,União da Vitória,Manutenção Automotiva,Presencial,35,Noturno,Segunda a Sexta-feira,19h00 - 23h00,24,2025-06-02,2025-04-12,1923.7,2025-04-29 18:03:15,2025-04-29 18:03:15,Rua Marechal Deodoro da Fonseca 70 CEP: 84600-000 União da Vitória - PR
113,Noroeste,Maringá CTM,Eletrotécnica,EAD,30,Noturno,Terça-feira,19h00 - 23h00,24,2025-06-16,2025-04-12,1923.7,2025-04-29 18:05:11,2025-04-29 18:05:11,Rua Jose Correia De Aguiar 361 CEP: 87053-276 Maringá - PR
114,Noroeste,Paranavaí,Manutenção Automotiva,EAD,30,Integral,Segunda  e Quarta-feira,19h00 - 23h00,24,2025-06-16,2025-04-12,1923.7,2025-04-29 18:06:35,2025-04-29 18:06:35,Rua José Virgílio Fernandes Snº CEP: 87706-360 Paranavaí - PR
115,Norte,Apucarana II,Eletromecânica,EAD,35,Noturno,Terça-feira,19h00 - 23h00,24,2025-06-16,2025-04-14,1923.7,2025-04-29 18:07:42,2025-04-29 18:07:42,Avenida Aviação 1851 CEP: 86812-500 Apucarana - PR
116,Norte,Londrina,Qualidade,EAD,35,Noturno,Segunda-feira,19h00 - 23h00,18,2025-06-16,2025-04-14,1507.42,2025-04-29 18:09:02,2025-04-29 18:09:02,Rua Martin Afonso de Souza 136 CEP: 87900-970 Loanda - PR
117,Oeste,Medianeira,Eletromecânica,EAD,35,Noturno,Quinta e Sexta-feira,18h30 - 22h30,24,2025-06-16,2025-04-14,,2025-04-29 18:10:26,2025-04-29 18:10:26,Av Brasília 675 - Condá 85884-000 Medianeira - PR
118,Oeste,Medianeira,Eletromecânica,EAD,40,Noturno,Quinta e Sexta-feira,08h00 - 12h00,24,2025-06-16,2025-04-14,,2025-04-29 18:11:19,2025-04-29 18:11:19,Av Brasília 675 - Condá 85884-000 Medianeira - PR
119,Oeste,Medianeira,Eletromecânica,EAD,40,Noturno,Terça e Quarta-feira,18h30 - 22h30,24,2025-06-16,2025-04-14,,2025-04-29 18:11:50,2025-04-29 18:11:50,Av Brasília 675 - Condá 85884-000 Medianeira - PR
120,Sudoeste,Dois Vizinhos,Segurança do Trabalho,EAD,35,Noturno,Terça-feira,18h30 - 22h30,24,2025-06-02,2025-04-14,1507.42,2025-04-29 18:28:12,2025-04-29 18:28:12,Rua Pedro Alvares Cabral 905 CEP: 85660-000 Dois Vizinhos - PR
121,Sudoeste,Francisco Beltrãos,Eletromecânica,EAD,36,Integral,Sábado,08h00 - 17h00,24,2025-06-16,2025-04-14,3147.29,2025-04-29 18:30:13,2025-04-29 18:30:13,Rua União da Vitoria 66 CEP: 85605-586 Francisco Beltrão - PR
122,Sudoeste,Francisco Beltrãos,Eletrotécnica,Presencial,36,Noturno,Segunda a Sexta-feira,18h30 - 22h30,24,2025-06-16,2025-04-14,1923.7,2025-04-29 18:31:21,2025-04-29 18:31:21,Rua União da Vitoria 66 CEP: 85605-586 Francisco Beltrão - PR
123,Sudoeste,Palmas,Eletromecânica,EAD,25,Noturno,Quinta-feira,18h30 - 22h30,24,2025-06-16,2025-04-14,1830.0,2025-04-29 18:35:36,2025-04-29 18:35:36,Rua Marechal Deodoro Snº CEP: 85555-000 Palmas - PR
124,Campos Gerais,Telêmaco Borba,Automação Industrial,Presencial,40,Noturno,Segunda a Sexta-feira,18h30 - 22h30,24,2025-06-02,2025-04-14,3149.27,2025-04-29 18:43:07,2025-04-29 18:43:07,Av Vidal de Negreiros 225 -  CEP 84261-560 - Telêmaco Borba - PR
125,Campos Gerais,Telêmaco Borba,Eletrotécnica,EAD,40,Noturno,Terça e Quinta-feira,18h30 - 22h30,24,2025-06-02,2025-04-14,1923.7,2025-04-29 18:45:20,2025-04-29 18:45:20,Av Vidal de Negreiros 225 -  CEP 84261-560 - Telêmaco Borba - PR
126,RMC - Curitiba,São José dos Pinhais,Automação Industrial,EAD,35,Integral,Sábado,08h00 - 17h00,24,2025/08/04,2025-04-11,1923.7,2025-06-16 14:43:52.075028,2025-06-16 14:43:52.075030,Av Rui Barbosa 5881 - Afonso Pena 83045-350 São José dos Pinhais - PR
127,RMC - Curitiba,São José dos Pinhais,Eletromecânica,EAD,35,Noturno,Quinta-feira,18h30 - 22h30,24,2025/08/04,2025-04-11,1923.7,2025-06-16 14:43:52.078380,2025-06-16 14:43:52.078382,Av Rui Barbosa 5881 - Afonso Pena 83045-350 São José dos Pinhais - PR
128,RMC - Curitiba,São José dos Pinhais,Mecânica,Presencial,35,Noturno,Segunda a Sexta-feira,18h30 - 22h30,24,2025/08/04,2025-04-11,1923.7,2025-06-16 14:43:52.079565,2025-06-16 14:43:52.079566,Av Rui Barbosa 5881 - Afonso Pena 83045-350 São José dos Pinhais - PR
129,RMC - Curitiba,São José dos Pinhais,Mecatrônica,Presencial,35,Noturno,Segunda a Sexta-feira,18h30 - 22h30,24,2025/08/04,2025-04-11,1923.7,2025-06-16 14:43:52.080617,2025-06-16 14:43:52.080618,Av Rui Barbosa 5881 - Afonso Pena 83045-350 São José dos Pinhais - PR
130,Oeste,Ampére,Automação Industrial,EAD,35,Noturno,Terça e Quarta -feira,18h30 - 22h30,24,2025/08/04,2025-04-11,1923.7,2025-06-16 14:43:52.081718,2025-06-16 14:43:52.081719,Rua Erechim - 383 - Bairro Rondinha
131,Norte,Apucarana,Eletromecânica,EAD,35,Noturno,Terça-feira,19h00 - 23h00,24,2025/08/04,2025-04-14,,1923.72025-06-16 14:43:52.082867,2025-06-16 14:43:52.082868,Avenida Aviação - 1851
132,Norte,Apucarana,Eletrotécnica,EAD,35,Noturno,Quarta e Sexta-feira,19h00 - 23h00,24,2025/08/04,2025-04-14,1923.7,2025-06-16 14:43:52.084065,2025-06-16 14:43:52.084066,Avenida Aviação - 1851
133,Norte,Apucarana II,Desenvolvimento de Sistemas,EAD,35,Noturno,Terça-feira,19h00 - 23h00,24,2025/08/04,2025-04-14,1923.7,2025-06-16 14:43:52.085107,2025-06-16 14:43:52.085108,Avenida Aviação 1851 CEP: 86812-500 Apucarana - PR
134,Norte,Arapongas,Automação Industrial,EAD,35,Noturno,Quinta-feira,18h50 - 22h50,24,2025/08/04,2025-04-14,1923.7,2025-06-16 14:43:52.086134,2025-06-16 14:43:52.086134,Avenida Maracanã 3260 CEP: 86705-582 Arapongas - PR
135,Norte,Arapongas,Eletrotécnica,EAD,35,Noturno,Terça e Quinta-feira,18h50 - 22h50,24,2025/08/04,2025-04-14,1923.7,2025-06-16 14:43:52.087147,2025-06-16 14:43:52.087147,Avenida Maracanã 3260 CEP: 86705-582 Arapongas - PR
136,Norte,Arapongas,Segurança do Trabalho,EAD,35,Noturno,Segunda a Sexta-feira,18h50 - 22h50,24,2025/08/04,2025-04-14,1923.7,2025-06-16 14:43:52.088179,2025-06-16 14:43:52.088180,Avenida Maracanã 3260 CEP: 86705-582 Arapongas - PR
137,Curitiba,Boqueirão,Administração,EAD,35,Noturno,Quarta e Quinta-feira,18h30 - 22h30,12 ,2025/08/04,2025-04-14,1923.7,2025-06-16 14:43:52.089185,2025-06-16 14:43:52.089186,Rua Doutor Heleno Da Silveira 351 CEP: 81750-340 Curitiba - PR
138,Curitiba,Boqueirão,Administração,EAD,35,Vespertino,Quarta e Quinta-feira,13h15 - 17h15,12 ,2025/08/04,2025-04-14,1923.7,2025-06-16 14:43:52.090309,2025-06-16 14:43:52.090310,Rua Doutor Heleno Da Silveira 351 CEP: 81750-340 Curitiba - PR
139,Curitiba,Boqueirão,Manutenção Automotiva,Presencial,35,Matutino,Segunda a Sexta-feira,08h00 - 12h00,24,2025/08/04,2025-04-14,1923.7,2025-06-16 14:43:52.091456,2025-06-16 14:43:52.091457,Rua Doutor Heleno Da Silveira 351 CEP: 81750-340 Curitiba - PR
140,Curitiba,Boqueirão,Manutenção Automotiva,Presencial,35,Noturno,Segunda a Sexta-feira,18h30 - 22h30,24,2025/08/04,2025-04-14,1923.7,2025-06-16 14:43:52.092517,2025-06-16 14:43:52.092518,Rua Doutor Heleno Da Silveira 351 CEP: 81750-340 Curitiba - PR
141,Curitiba,Boqueirão,Manutenção Automotiva,EAD,35,Noturno,Quinta e Sexta-feira,18h30 - 22h30,24,2025/08/04,2025-04-14,1923.7,2025-06-16 14:43:52.093526,2025-06-16 14:43:52.093527,Rua Doutor Heleno Da Silveira 351 CEP: 81750-340 Curitiba - PR
142,RMC - Curitiba,Campo Largo,Administração,EAD,35,Noturno,Quarta e Quinta-feira,18h45 -22h45,12 ,2025/08/04,2025-04-14,1923.7,2025-06-16 14:43:52.094544,2025-06-16 14:43:52.094545,Avenida Padre Natal Pigatto 2027 CEP: 83607-240 Campo Largo - PR
143,RMC - Curitiba,Campo Largo,Mecânica,EAD,35,Noturno,Quinta e Sexta-feira,18h45 -22h45,24,2025/08/04,2025-04-14,1923.7,2025-06-16 14:43:52.095549,2025-06-16 14:43:52.095550,Avenida Padre Natal Pigatto 2027 CEP: 83607-240 Campo Largo - PR
144,RMC - Curitiba,Campo Largo,Segurança do Trabalho,EAD,35,Noturno,Terça e Sexta-feira,18h45 -22h45,24,2025/08/04,2025-04-14,1923.7,2025-06-16 14:43:52.096781,2025-06-16 14:43:52.096782,Avenida Padre Natal Pigatto 2027 CEP: 83607-240 Campo Largo - PR
145,Noroeste,Campo Mourão,Automação Industrial,EAD,35,Noturno,Quinta-feira,19h00 - 23h00,24,2025/08/04,2025-04-14,1923.7,2025-06-16 14:43:52.097827,2025-06-16 14:43:52.097828,Via do trabalhador 895 Parque Industrial Augusto Tezelli Filho Campo Mourão - PR
146,Curitiba,Campus da Indústria,Desenvolvimento de Sistemas,Presencial,35,Vespertino,Segunda a Sexta-feira,13h30 - 17h30,18,2025/08/04,2025-04-14,1923.7,2025-06-16 14:43:52.098969,2025-06-16 14:43:52.098970,Avenida Comendador Franco 1341 CEP: 80215-090 Curitiba - PR
147,Curitiba,Campus da Indústria,Desenvolvimento de Sistemas,Presencial,35,Noturno,Segunda a Sexta-feira,18h30 - 22h30,18,2025/08/04,2025-04-14,1923.7,2025-06-16 14:43:52.100021,2025-06-16 14:43:52.100022,Avenida Comendador Franco 1341 CEP: 80215-090 Curitiba - PR
148,Curitiba,Campus da Indústria,Edificações,EAD,35,Noturno,Quinta-feira,18h30 - 22h30,24,2025/08/04,2025-04-14,1923.7,2025-06-16 14:43:52.101046,2025-06-16 14:43:52.101047,Avenida Comendador Franco 1341 CEP: 80215-090 Curitiba - PR
149,Curitiba,Campus da Indústria,Qualidade,EAD,35,Noturno,Terça-feira,18h30 - 22h30,18,2025/08/04,2025-04-14,1923.7,2025-06-16 14:43:52.102061,2025-06-16 14:43:52.102062,Avenida Comendador Franco 1341 CEP: 80215-090 Curitiba - PR
150,Curitiba,Campus da Indústria,Segurança do Trabalho,EAD,35,Matutino,Terça-feira,08h00 - 12h00,24,2025/08/04,2025-04-14,1923.7,2025-06-16 14:43:52.103065,2025-06-16 14:43:52.103066,Avenida Comendador Franco 1341 CEP: 80215-090 Curitiba - PR
151,Curitiba,Campus da Indústria,Segurança do Trabalho,EAD,35,Noturno,Terça-feira,18h30 - 22h30,24,2025/08/04,2025-04-14,1923.7,2025-06-16 14:43:52.104075,2025-06-16 14:43:52.104076,Avenida Comendador Franco 1341 CEP: 80215-090 Curitiba - PR
152,Curitiba,Campus da Indústria,Vestuário,EAD,35,Matutino,Sexta-feira,08h00 - 12h00,24,2025/08/04,2025-04-14,1923.7,2025-06-16 14:43:52.105070,2025-06-16 14:43:52.105071,Avenida Comendador Franco 1341 CEP: 80215-090 Curitiba - PR
153,Oeste,Cascavel,Eletromecânica,EAD,35,Noturno,Sexta-feira,19h00 - 23h10,24,2025/08/04,2025-04-14,1923.7,2025-06-16 14:43:52.106094,2025-06-16 14:43:52.106095,Rua Heitor Stockler De França 161 CEP: 85819-760 Cascavel - PR
154,Oeste,Cascavel,Eletrotécnica,EAD,35,Noturno,Quarta e Sexta-feira,19h00 - 23h00,24,2025/08/04,2025-04-14,1923.7,2025-06-16 14:43:52.107175,2025-06-16 14:43:52.107176,Rua Heitor Stockler De França 161 CEP: 85819-760 Cascavel - PR
155,Noroeste,Cianorte,Automação Industrial,EAD,35,Noturno,Terça-feira,19h00 - 23h00,24,2025/08/04,2025-04-14,1923.7,2025-06-16 14:43:52.108450,2025-06-16 14:43:52.108451,Travessa Um 63 CEP: 87207-034 Cianorte - PR
156,Noroeste,Cianorte,Eletromecânica,EAD,35,Noturno,Terça-feira,19h00 - 23h00,24,2025/08/04,2025-04-14,1923.7,2025-06-16 14:43:52.109540,2025-06-16 14:43:52.109541,Travessa Um 63 CEP: 87207-034 Cianorte - PR
157,Noroeste,Cianorte,Eletrotécnica,EAD,35,Noturno,Segunda e Terça-feira,19h00 - 23h00,24,2025/08/04,2025-04-14,1923.7,2025-06-16 14:43:52.110648,2025-06-16 14:43:52.110649,Travessa Um 63 CEP: 87207-034 Cianorte - PR
158,Noroeste,Cianorte,Eletrotécnica,Presencial,35,Noturno,Segunda a Sexta-feira,19h00 - 23h00,24,2025/08/04,2025-04-14,1923.7,2025-06-16 14:43:52.111669,2025-06-16 14:43:52.111670,Travessa Um 63 CEP: 87207-034 Cianorte - PR
159,Noroeste,Cianorte,Segurança do Trabalho,EAD,35,Noturno,Quarta-feira,19h00 - 23h00,24,2025/08/04,2025-04-14,1923.7,2025-06-16 14:43:52.112684,2025-06-16 14:43:52.112685,Travessa Um 63 CEP: 87207-034 Cianorte - PR
160,Curitiba,CIC,Alimentos,EAD,35,Noturno,Terça e Quinta-feira,18h30 - 22h30,24,2025/08/04,2025-04-14,1923.7,2025-06-16 14:43:52.113691,2025-06-16 14:43:52.113692,Rua Senador Accioly Filho 298 CEP: 81310-000 Curitiba - PR
161,Curitiba,CIC,Biotecnologia,EAD,35,Noturno,Segunda e Quarta-feira,18h30 - 22h30,24,2025/08/04,2025-04-14,1923.7,2025-06-16 14:43:52.114692,2025-06-16 14:43:52.114693,Rua Senador Accioly Filho 298 CEP: 81310-000 Curitiba - PR
162,Curitiba,CIC,Desenvolvimento de Sistemas,Presencial,35,Vespertino,Segunda a Sexta-feira,13h30 - 17h30,18,2025/08/04,2025-04-14,1923.7,2025-06-16 14:43:52.115684,2025-06-16 14:43:52.115685,Rua Senador Accioly Filho 298 CEP: 81310-000 Curitiba - PR
163,Curitiba,CIC,Eletromecânica,EAD,35,Noturno,Terça e Quinta-feira,18h30 - 22h30,24,2025/08/04,2025-04-14,1923.7,2025-06-16 14:43:52.116700,2025-06-16 14:43:52.116701,Rua Senador Accioly Filho 298 CEP: 81310-000 Curitiba - PR
164,Curitiba,CIC,Eletromecânica,Presencial,35,Noturno,Segunda a Sexta-feira,18h30 - 22h30,24,2025/08/04,2025-04-14,1923.7,2025-06-16 14:43:52.117706,2025-06-16 14:43:52.117707,Rua Senador Accioly Filho 298 CEP: 81310-000 Curitiba - PR
165,Curitiba,CIC,Eletrônica,Presencial,35,Noturno,Segunda a Sexta-feira,18h30 - 22h30,24,2025/08/04,2025-04-14,1923.7,2025-06-16 14:43:52.118733,2025-06-16 14:43:52.118734,Rua Senador Accioly Filho 298 CEP: 81310-000 Curitiba - PR
166,Curitiba,CIC,Eletrotécnica,EAD,35,Noturno,Sexta e Terça-feira,18h30 - 22h30,24,2025/08/04,2025-04-14,1923.7,2025-06-16 14:43:52.119733,2025-06-16 14:43:52.119733,Rua Senador Accioly Filho 298 CEP: 81310-000 Curitiba - PR
167,Curitiba,CIC,Eletrotécnica,Presencial,35,Noturno,Segunda a Sexta-feira,18h30 - 22h30,24,2025/08/04,2025-04-14,1923.7,2025-06-16 14:43:52.120759,2025-06-16 14:43:52.120760,Rua Senador Accioly Filho 298 CEP: 81310-000 Curitiba - PR
168,Curitiba,CIC,Logística,Presencial,35,Noturno,Segunda a Sexta-feira,18h30 - 22h30,18,2025/08/04,2025-04-14,1923.7,2025-06-16 14:43:52.121779,2025-06-16 14:43:52.121780,Rua Senador Accioly Filho 298 CEP: 81310-000 Curitiba - PR
169,Curitiba,CIC,Mecânica,EAD,35,Noturno,Quarta-feira,18h30 - 22h30,24,2025/08/04,2025-04-14,1923.7,2025-06-16 14:43:52.122786,2025-06-16 14:43:52.122786,Rua Senador Accioly Filho 298 CEP: 81310-000 Curitiba - PR
170,Curitiba,CIC,Mecânica,Presencial,35,Matutino,Segunda a Sexta-feira,08h00 - 12h00,24,2025/08/04,2025-04-14,1923.7,2025-06-16 14:43:52.123917,2025-06-16 14:43:52.123918,Rua Senador Accioly Filho 298 CEP: 81310-000 Curitiba - PR
171,Curitiba,CIC,Mecânica,Presencial,35,Noturno,Segunda a Sexta-feira,18h30 - 22h30,24,2025/08/04,2025-04-14,1923.7,2025-06-16 14:43:52.125374,2025-06-16 14:43:52.125376,Rua Senador Accioly Filho 298 CEP: 81310-000 Curitiba - PR
172,Curitiba,CIC,Mecatrônica,EAD,35,Noturno,Segunda e Quarta-feira,18h30 - 22h30,24,2025/08/04,2025-04-14,1923.7,2025-06-16 14:43:52.126755,2025-06-16 14:43:52.126756,Rua Senador Accioly Filho 298 CEP: 81310-000 Curitiba - PR
173,Curitiba,CIC,Mecatrônica,Presencial,35,Matutino,Segunda a Sexta-feira,08h00 - 12h00,24,2025/08/04,2025-04-14,1923.7,2025-06-16 14:43:52.127908,2025-06-16 14:43:52.127909,Rua Senador Accioly Filho 298 CEP: 81310-000 Curitiba - PR
174,Curitiba,CIC,Mecatrônica,Presencial,35,Noturno,Segunda a Sexta-feira,18h30 - 22h30,24,2025/08/04,2025-04-14,1923.7,2025-06-16 14:43:52.128966,2025-06-16 14:43:52.128967,Rua Senador Accioly Filho 298 CEP: 81310-000 Curitiba - PR
175,Curitiba,CIC,Química,EAD,35,Noturno,Quarta e Sexta-feira,18h30 - 22h30,24,2025/08/04,2025-04-14,1923.7,2025-06-16 14:43:52.130035,2025-06-16 14:43:52.130036,Rua Senador Accioly Filho 298 CEP: 81310-000 Curitiba - PR
176,RMC - Curitiba,Colombo,Eletrotécnica,EAD,35,Noturno,Segunda a Sexta-feira,18h30 - 22h30,24,2025/08/04,2025-04-14,1923.7,2025-06-16 14:43:52.131059,2025-06-16 14:43:52.131060,Av Pref João Batista Stocco 256 - Guaraituba Colombo - PR
177,RMC - Curitiba,Colombo,Mineração,EAD,35,Integral,Sábado,08h00 - 17h00,24,2025/08/04,2025-04-14,1923.7,2025-06-16 14:43:52.132082,2025-06-16 14:43:52.132083,Av Pref João Batista Stocco 256 - Guaraituba Colombo - PR
178,RMC - Curitiba,Colombo,Química,EAD,35,Integral,Sábado,08h00 - 17h00,24,2025/08/04,2025-04-14,1923.7,2025-06-16 14:43:52.133088,2025-06-16 14:43:52.133088,Av Pref João Batista Stocco 256 - Guaraituba Colombo - PR
179,Sudoeste,Dois Vizinhos,Automação Industrial,Presencial,35,Noturno,Segunda a Sexta-feira,18h30 - 22h30,24,2025/08/04,2025-04-14,1923.7,2025-06-16 14:43:52.134101,2025-06-16 14:43:52.134102,Rua Pedro Alvares Cabral 905 CEP: 85660-000 Dois Vizinhos - PR
180,Curitiba,Centro - Curitiba,Automação Industrial,EAD,35,Noturno,Terça-feira,18h30 - 22h30,24,2025/08/04,2025-04-14,1923.7,2025-06-16 14:43:52.135102,2025-06-16 14:43:52.135103,Rua Senador Accioly Filho 298 CEP: 81310-000 Curitiba - PR
181,Curitiba,Centro - Curitiba,Desenvolvimento de Sistemas,EAD,35,Noturno,Segunda a Sexta-feira,18h30 - 22h30,18,2025/08/04,2025-04-14,1923.7,2025-06-16 14:43:52.136122,2025-06-16 14:43:52.136123,Rua Senador Accioly Filho 298 CEP: 81310-000 Curitiba - PR
182,Curitiba,Centro - Curitiba,Desenvolvimento de Sistemas,Presencial,35,Vespertino,Segunda a Sexta-feira,13h30 - 17h30,18,2025/08/04,2025-04-14,1923.7,2025-06-16 14:43:52.137149,2025-06-16 14:43:52.137150,Rua Senador Accioly Filho 298 CEP: 81310-000 Curitiba - PR
183,Curitiba,Centro - Curitiba,Desenvolvimento de Sistemas,Presencial,35,Noturno,Segunda a Sexta-feira,18h30 - 22h30,18,2025/08/04,2025-04-14,1923.7,2025-06-16 14:43:52.138179,2025-06-16 14:43:52.138180,Rua Senador Accioly Filho 298 CEP: 81310-000 Curitiba - PR
184,Curitiba,Centro - Curitiba,Qualidade,EAD,35,Noturno,Segunda-feira,18h30 - 22h30,18,2025/08/04,2025-04-14,1923.7,2025-06-16 14:43:52.139205,2025-06-16 14:43:52.139206,Rua Senador Accioly Filho 298 CEP: 81310-000 Curitiba - PR
185,Norte,Londrina,Desenvolvimento de Sistemas,EAD,35,Noturno,Quarta-feira,19h00 - 23h00,18,2025/08/04,2025-04-14,1923.7,2025-06-16 14:43:52.140284,2025-06-16 14:43:52.140285,Rua Belém 844 CEP: 86026-040 Londrina - PR
186,Oeste,Foz do Iguaçu,Eletrotécnica,EAD,35,Noturno,Segunda e Sexta-feira,19h00 - 23h00,24,2025/08/04,2025-04-14,1923.7,2025-06-16 14:43:52.141404,2025-06-16 14:43:52.141405,Rua Perdigão 58 CEP: 85866-460 Foz do Iguaçu - PR
187,Sudoeste,Francisco Beltrão,Manutenção Automotiva,EAD,35,Noturno,Quinta e Sexta-feira,18h30 - 22h30,24,2025/08/04,2025-04-14,1923.7,2025-06-16 14:43:52.142523,2025-06-16 14:43:52.142524,Rua União da Vitoria 66 CEP: 85605-586 Francisco Beltrão - PR
188,Campos Gerais,Guarapuava,Automação Industrial,EAD,35,Integral,Sábado,08h00 - 17h00,24,2025/08/04,2025-04-14,1923.7,2025-06-16 14:43:52.143584,2025-06-16 14:43:52.143585,Rua Coronel Lustosa 1736 CEP: 85015-340 Guarapuava - PR
189,Campos Gerais,Guarapuava,Automação Industrial,Presencial,35,Noturno,Segunda a Sexta-feira,18h30 - 22h30,24,2025/08/04,2025-04-14,1923.7,2025-06-16 14:43:52.145029,2025-06-16 14:43:52.145030,Rua Coronel Lustosa 1736 CEP: 85015-340 Guarapuava - PR
190,Campos Gerais,Guarapuava,Automação Industrial,EAD,35,Noturno,Terça e Quinta-feira,18h30 - 22h30,24,2025/08/04,2025-04-14,1923.7,2025-06-16 14:43:52.146210,2025-06-16 14:43:52.146211,Rua Coronel Lustosa 1736 CEP: 85015-340 Guarapuava - PR
191,Campos Gerais,Guarapuava,Automação Industrial,EAD,35,Noturno,Segunda e Quarta-feira,18h30 - 22h30,24,2025/08/04,2025-04-14,,2025-06-16 14:43:52.147261,2025-06-16 14:43:52.147262,Rua Coronel Lustosa 1736 CEP: 85015-340 Guarapuava - PR
192,Campos Gerais,Guarapuava,Desenvolvimento de Sistemas,EAD,35,Integral,Sábado,08h00 - 17h00,18,2025/08/04,2025-04-14,1923.7,2025-06-16 14:43:52.148545,2025-06-16 14:43:52.148546,Rua Coronel Lustosa 1736 CEP: 85015-340 Guarapuava - PR
193,Campos Gerais,Guarapuava,Eletromecânica,EAD,35,Integral,Sábado,08h00 - 17h00,24,2025/08/04,2025-04-14,1923.7,2025-06-16 14:43:52.149577,2025-06-16 14:43:52.149578,Rua Coronel Lustosa 1736 CEP: 85015-340 Guarapuava - PR
194,Campos Gerais,Guarapuava,Eletrotécnica,Presencial,35,Noturno,Segunda a Sexta-feira,18h30 - 22h30,24,2025/08/04,2025-04-14,1923.7,2025-06-16 14:43:52.150570,2025-06-16 14:43:52.150571,Rua Coronel Lustosa 1736 CEP: 85015-340 Guarapuava - PR
195,Campos Gerais,Irati,Segurança do Trabalho,EAD,35,Integral,Sábado,08h00 - 17h00,24,2025/08/04,2025-04-14,1923.7,2025-06-16 14:43:52.151574,2025-06-16 14:43:52.151575,Rua Coronel Emilio Gomes 3 CEP: 84500-000 Irati - PR
196,Campos Gerais,Jaguariaíva,Eletrotécnica,Presencial,35,Noturno,Segunda a Sexta-feira,18h30 - 22h30,24,2025/08/04,2025-04-14,1923.7,2025-06-16 14:43:52.152577,2025-06-16 14:43:52.152578,Rua Raul Pinto de Castilho Snº CEP: 84200-000 Jaguariaíva - PR
197,Norte,Londrina,Eletromecânica,EAD,35,Noturno,Terça-feira,19h00 - 23h00,24,2025/08/04,2025-04-14,1923.7,2025-06-16 14:43:52.153587,2025-06-16 14:43:52.153588,Rua Belém 844 CEP: 86026-040 Londrina - PR
198,Norte,Londrina,Eletrotécnica,Presencial,35,Noturno,Segunda e Quarta-feira,19h00 - 23h00,18,2025/08/04,2025-04-14,1923.7,2025-06-16 14:43:52.154572,2025-06-16 14:43:52.154573,Rua Belém 844 CEP: 86026-040 Londrina - PR
199,Norte,Londrina,Segurança do Trabalho,EAD,35,Noturno,Terça-feira,19h00 - 23h00,24,2025/08/04,2025-04-14,1923.7,2025-06-16 14:43:52.155571,2025-06-16 14:43:52.155572,Rua Belém 844 CEP: 86026-040 Londrina - PR
200,Norte,Londrina,Manutenção Automotiva,EAD,35,Noturno,Segunda e Terça-feira,19h00 - 23h00,24,2025/08/04,2025-04-14,1923.7,2025-06-16 14:43:52.156715,2025-06-16 14:43:52.156716,Rua Belém 844 CEP: 86026-040 Londrina - PR
201,Oeste,Marechal Cândido Rondon,Alimentos,EAD,35,Noturno,Segunda a Sexta-feira,18h45 - 22h45,24,2025/08/04,2025-04-14,1923.7,2025-06-16 14:43:52.157925,2025-06-16 14:43:52.157926,Av. Rio Grande do Sul - 3085 - Parque Industrial II
202,Oeste,Marechal Cândido Rondon,Eletromecânica,Presencial,35,Noturno,Segunda a Sexta-feira,18h45 - 22h45,24,2025/08/04,2025-04-14,1923.7,2025-06-16 14:43:52.158980,2025-06-16 14:43:52.158981,Av. Rio Grande do Sul - 3085 - Parque Industrial II
203,Noroeste,Maringá - CTM,Desenvolvimento de Sistemas,EAD,35,Noturno,Terça-feira,19h00 - 23h00,18,2025/08/04,2025-04-14,1923.7,2025-06-16 14:43:52.160019,2025-06-16 14:43:52.160020,Rua Jose Correia De Aguiar 361 CEP: 87053-276 Maringá - PR
204,Noroeste,Maringá - CTM,Eletromecânica,EAD,35,Noturno,Quarta-feira,19h00 - 23h00,24,2025/08/04,2025-04-14,1923.7,2025-06-16 14:43:52.161037,2025-06-16 14:43:52.161037,Rua Jose Correia De Aguiar 361 CEP: 87053-276 Maringá - PR
205,Noroeste,Maringá - CTM,Eletrotécnica,EAD,35,Integral,Sábado,08h00 - 17h00,24,2025/08/04,2025-04-14,1923.7,2025-06-16 14:43:52.162044,2025-06-16 14:43:52.162045,Rua Jose Correia De Aguiar 361 CEP: 87053-276 Maringá - PR
206,Noroeste,Maringá,Edificações,EAD,35,Integral,Sábado,08h00 - 17h00,24,2025/08/04,2025-04-14,1923.7,2025-06-16 14:43:52.163043,2025-06-16 14:43:52.163044,Rua Jose Correia De Aguiar 361 CEP: 87053-276 Maringá - PR
207,Noroeste,Maringá,Manutenção Automotiva,EAD,35,Noturno,Terça e Quarta-feira,19h00 - 23h00,24,2025/08/04,2025-04-14,1923.7,2025-06-16 14:43:52.164069,2025-06-16 14:43:52.164070,Rua Jose Correia De Aguiar 361 CEP: 87053-276 Maringá - PR
208,Noroeste,Maringá,Química,EAD,35,Noturno,Quarta-feira,19h00 - 23h10,24,2025/08/04,2025-04-14,1923.7,2025-06-16 14:43:52.165093,2025-06-16 14:43:52.165094,Rua Jose Correia De Aguiar 361 CEP: 87053-276 Maringá - PR
209,Oeste,Medianeira,Automação Industrial,EAD,35,Noturno,Quarta e Quinta-feira,18h30 - 22h30,24,2025/08/04,2025-04-14,1923.7,2025-06-16 14:43:52.166111,2025-06-16 14:43:52.166112,Av Brasília 675 - Condá 85884-000 Medianeira - PR
210,Sudoeste,Palmas,Qualidade,EAD,35,Noturno,Terça-feira,18h30 - 22h30,18,2025/08/04,2025-04-14,1923.7,2025-06-16 14:43:52.167118,2025-06-16 14:43:52.167119,Rua Marechal Deodoro Snº CEP: 85555-000 Palmas - PR
211,RMC - Curitiba,Paranaguá,Eletromecânica,EAD,35,Noturno,Segunda,18h30 - 22h30,24,2025/08/04,2025-04-14,,2025-06-16 14:43:52.168133,2025-06-16 14:43:52.168134,Rua Presidente Washington Luiz 1189 CEP: 83221-052 Paranaguá - PR
212,RMC - Curitiba,Paranaguá,Eletromecânica,Presencial,35,Noturno,Segunda a Sexta-feira,18h30 - 22h30,24,2025/08/04,2025-04-14,1923.7,2025-06-16 14:43:52.169151,2025-06-16 14:43:52.169151,Rua Presidente Washington Luiz 1189 CEP: 83221-052 Paranaguá - PR
213,RMC - Curitiba,Paranaguá,Eletrotécnica,Presencial,35,Noturno,Segunda a Sexta-feira,18h30 - 22h30,24,2025/08/04,2025-04-14,1923.7,2025-06-16 14:43:52.170163,2025-06-16 14:43:52.170164,Rua Presidente Washington Luiz 1189 CEP: 83221-052 Paranaguá - PR
214,RMC - Curitiba,Paranaguá,Segurança do Trabalho,EAD,35,Noturno,Terça-feira,18h30 - 22h30,24,2025/08/04,2025-04-14,1923.7,2025-06-16 14:43:52.171194,2025-06-16 14:43:52.171195,Rua Presidente Washington Luiz 1189 CEP: 83221-052 Paranaguá - PR
215,RMC - Curitiba,Paranaguá,Química,EAD,35,Noturno,Quarta-feira,18h30 - 22h30,24,2025/08/04,2025-04-14,1923.7,2025-06-16 14:43:52.172217,2025-06-16 14:43:52.172218,Rua Presidente Washington Luiz 1189 CEP: 83221-052 Paranaguá - PR
216,Noroeste,Paranavaí,Eletrotécnica,EAD,35,Integral,Sábado,08h00 - 17h00,24,2025/08/04,2025-04-14,1923.7,2025-06-16 14:43:52.173309,2025-06-16 14:43:52.173310,Rua José Virgílio Fernandes Snº CEP: 87706-360 Paranavaí - PR
217,Noroeste,Paranavaí,Eletromecânica,EAD,35,Noturno,Quinta-feira,19h00 - 23h00,24,2025/08/04,2025-04-14,1923.7,2025-06-16 14:43:52.174391,2025-06-16 14:43:52.174392,Rua José Virgílio Fernandes Snº CEP: 87706-360 Paranavaí - PR
218,Noroeste,Paranavaí,Automação Industrial,EAD,35,Noturno,Segunda-feira,19h00 - 23h00,24,2025/08/04,2025-04-14,,2025-06-16 14:43:52.175495,2025-06-16 14:43:52.175496,Rua José Virgílio Fernandes Snº CEP: 87706-360 Paranavaí - PR
219,Sudoeste,Pato Branco,Automação Industrial,Presencial,35,Noturno,Segunda a Sexta-feira,18h30 - 22h30,24,2025/08/04,2025-04-14,1923.7,2025-06-16 14:43:52.176528,2025-06-16 14:43:52.176529,Rua Xingu 833 CEP: 85502-090 Pato Branco - PR
220,Sudoeste,Pato Branco,Qualidade,EAD,35,Noturno,Quinta-feira,18h30 - 22h30,24,2025/08/04,2025-04-14,1923.7,2025-06-16 14:43:52.177579,2025-06-16 14:43:52.177580,Rua Xingu 833 CEP: 85502-090 Pato Branco - PR
221,Sudoeste,Pato Branco,Segurança do Trabalho,EAD,35,Matutino,Sábado,08h00 - 17h00,24,2025/08/04,2025-04-14,1923.7,2025-06-16 14:43:52.178592,2025-06-16 14:43:52.178593,Rua Xingu 833 CEP: 85502-090 Pato Branco - PR
222,Sudoeste,Pato Branco,Logística,Presencial,35,Matutino,Segunda a Sexta-feira,18h30 - 22h30,24,2025/08/04,2025-04-14,1923.7,2025-06-16 14:43:52.179617,2025-06-16 14:43:52.179618,Rua Xingu 833 CEP: 85502-090 Pato Branco - PR
223,RMC - Curitiba,Pinhais,Administração,EAD,35,Noturno,Quarta-feira,18h30 - 22h30,12 ,2025/08/04,2025-04-14,1923.7,2025-06-16 14:43:52.180621,2025-06-16 14:43:52.180622,Avenida Ayrton Senna da Silva 2650 CEP: 83323-290 Pinhais - PR
224,RMC - Curitiba,Pinhais,Automação Industrial,EAD,35,Noturno,Segunda a Sexta-feira,18h30 - 22h30,24,2025/08/04,2025-04-14,1923.7,2025-06-16 14:43:52.181641,2025-06-16 14:43:52.181641,Avenida Ayrton Senna da Silva 2650 CEP: 83323-290 Pinhais - PR
225,RMC - Curitiba,Pinhais,Eletromecânica,EAD,35,Integral,Sábado,08h00 - 17h00,24,2025/08/04,2025-04-14,1923.7,2025-06-16 14:43:52.182648,2025-06-16 14:43:52.182649,Avenida Ayrton Senna da Silva 2650 CEP: 83323-290 Pinhais - PR
226,RMC - Curitiba,Pinhais,Eletrotécnica,EAD,35,Noturno,Quinta-feira,18h30 - 22h30,24,2025/08/04,2025-04-14,1923.7,2025-06-16 14:43:52.183680,2025-06-16 14:43:52.183681,Avenida Ayrton Senna da Silva 2650 CEP: 83323-290 Pinhais - PR
227,RMC - Curitiba,Pinhais,Mecânica,EAD,35,Noturno,Terça-feira,18h30 - 22h30,24,2025/08/04,2025-04-14,1923.7,2025-06-16 14:43:52.184712,2025-06-16 14:43:52.184713,Avenida Ayrton Senna da Silva 2650 CEP: 83323-290 Pinhais - PR
228,Campos Gerais,Ponta Grossa,Desenvolvimento de Sistemas,EAD,35,Noturno,Quarta-feira,18h30 - 22h30,18,2025/08/04,2025-04-14,1923.7,2025-06-16 14:43:52.185743,2025-06-16 14:43:52.185744,Rua Joaquim De Paula Xavier 1050 CEP: 84050-000 Ponta Grossa - PR