id;regiao;cidade;nome_curso;modalidade;vagas;turno;momento_presencial;horario_aulas;duracao_mes;data_inicio;data_inicio_matricula;created_at;updated_at;endereco
1;Campos Gerais;Guarapuava;Automação Industrial;EAD;36;Noturno;Quarta-feira;18h30 - 22h30;24;2025-06-16;2025-04-14;2025-04-29 17:23:03;2025-04-29 17:23:03; Rua Coronel Lustosa 1736 CEP: 85015-340 Guarapuava - PR
2;Campos Gerais;Guarapuava;Eletromecânica;Presencial;30;Noturno;Segunda a Sexta-feira;18h30 - 22h30;24;2025/08/04;2025-04-15;2025-04-29 17:23:08;2025-06-16 14:43:52.194025;Rua Coronel Lustosa 1736 CEP: 85015-340 Guarapuava - PR
3;Campos Gerais;Guarapuava;Eletrotécnica;EAD;30;Noturno;Terça e Quinta-feira;18h30 - 22h30;24;2025-06-16;2025-04-14;2025-04-29 17:23:12;2025-04-29 17:23:12;Rua Coronel Lustosa 1736 CEP: 85015-340 Guarapuava - PR
4;Campos Gerais;Irati;Automação Industrial;EAD;25;Integral;Sábado;08h00 - 17h00;24;2025/08/04;2025-04-11;2025-04-29 17:23:17;2025-06-16 14:43:52.195207;Rua Coronel Emilio Gomes 3 CEP: 84500-000 Irati - PR
5;Campos Gerais;Irati;Eletrotécnica;EAD;25;Integral;Sábado;08h00 - 17h00;24;2025/08/04;2025-04-11;2025-04-29 17:23:22;2025-06-16 14:43:52.196384;Rua Coronel Emilio Gomes 3 CEP: 84500-000 Irati - PR
6;Campos Gerais;Irati;Segurança do Trabalho;EAD;25;Integral;Sábado;18h30 - 22h30;24;2025-06-02;2025-04-11;2025-04-29 17:23:26;2025-04-29 17:23:26;Rua Coronel Emilio Gomes 3 CEP: 84500-000 Irati - PR
7;Campos Gerais;Jaguariaíva;Automação Industrial;EAD;40;Noturno;Segunda-feira;18h30 - 22h30;24;2025-06-02;2025-04-11;2025-04-29 17:23:31;2025-04-29 17:23:31;Rua Raul Pinto de Castilho Snº CEP: 84200-000 Jaguariaíva - PR
8;Campos Gerais;Jaguariaíva;Eletrotécnica;EAD;40;Noturno;Segunda e Quinta-feira;18h30 - 22h30;24;2025-06-02;2025-04-11;2025-04-29 17:23:35;2025-04-29 17:23:35;Rua Raul Pinto de Castilho Snº CEP: 84200-000 Jaguariaíva - PR
9;Campos Gerais;Ponta Grossa;Automação Industrial;Presencial;35;Noturno;Segunda a Sexta-feira;18h30 - 22h30;24;2025/08/04;2025-04-14;2025-04-29 17:23:39;2025-06-16 14:43:52.197554;Rua Joaquim De Paula Xavier 1050 CEP: 84050-000 Ponta Grossa - PR
10;Campos Gerais;Ponta Grossa;Automação Industrial;EAD;35;Integral;Sábado;08h00 - 17h00;24;2025/08/04;2025-04-14;2025-04-29 17:23:44;2025-06-16 14:43:52.198718;Rua Joaquim De Paula Xavier 1050 CEP: 84050-000 Ponta Grossa - PR
11;Campos Gerais;Ponta Grossa;Biotecnologia;EAD;35;Noturno;Quinta-feira;18h30 - 22h30;24;2025/08/04;2025-04-14;2025-04-29 17:23:48;2025-06-16 14:43:52.199905;Rua Joaquim De Paula Xavier 1050 CEP: 84050-000 Ponta Grossa - PR
12;Campos Gerais;Ponta Grossa;Desenvolvimento de Sistemas;EAD;35;Matutino;Sábado;08h00 - 12h00;18;2025-06-02;2025-04-14;2025-04-29 17:23:52;2025-04-29 17:23:52;Rua Joaquim De Paula Xavier 1050 CEP: 84050-000 Ponta Grossa - PR
13;Campos Gerais;Ponta Grossa;Eletromecânica;EAD;35;Integral;Sábado;08h00 - 17h00;24;2025/08/04;2025-04-14;2025-04-29 17:23:57;2025-06-16 14:43:52.201095;Rua Joaquim De Paula Xavier 1050 CEP: 84050-000 Ponta Grossa - PR
14;Campos Gerais;Ponta Grossa;Eletromecânica;Presencial;35;Noturno;Segunda a Sexta-feira;18h30 - 22h30;24;2025-06-02;2025-04-14;2025-04-29 17:24:01;2025-04-29 17:24:01;Rua Joaquim De Paula Xavier 1050 CEP: 84050-000 Ponta Grossa - PR
15;Campos Gerais;Ponta Grossa;Eletrotécnica;EAD;35;Integral;Sábado;08h00 - 17h00;24;2025-06-02;2025-04-14;2025-04-29 17:24:05;2025-04-29 17:24:05;Rua Joaquim De Paula Xavier 1050 CEP: 84050-000 Ponta Grossa - PR
16;Campos Gerais;Ponta Grossa;Manutenção Automotiva;EAD;35;Integral;Sábado;08h00 - 17h00;24;2025-06-02;2025-04-14;2025-04-29 17:24:10;2025-04-29 17:24:10;Rua Joaquim De Paula Xavier 1050 CEP: 84050-000 Ponta Grossa - PR
17;Campos Gerais;Ponta Grossa;Manutenção Automotiva;Presencial;35;Noturno;Segunda a Sexta-feira;18h30 - 22h30;24;2025-06-02;2025-04-14;2025-04-29 17:24:14;2025-04-29 17:24:14;Rua Joaquim De Paula Xavier 1050 CEP: 84050-000 Ponta Grossa - PR
18;Campos Gerais;Ponta Grossa;Química;EAD;35;Noturno;Quarta-feira;18h30 - 22h30;24;2025-06-02;2025-04-14;2025-04-29 17:24:19;2025-04-29 17:24:19;Rua Joaquim De Paula Xavier 1050 CEP: 84050-000 Ponta Grossa - PR
19;Campos Gerais;São Mateus do Sul;Mecânica;Presencial;35;Vespertino;Segunda a Sexta-feira;13h30 - 17h30;24;2025-06-02;2025-04-11;2025-04-29 17:24:27;2025-04-29 17:24:27;Rua Maria Paulina Wolter 2050 CEP: 83900-000 São Mateus do Sul - PR
20;Campos Gerais;Telêmaco Borba;Automação Industrial;EAD;40;Noturno;Quarta-feira;18h30 - 22h30;24;2025-06-02;2025-04-10;2025-04-29 17:24:32;2025-04-29 17:24:32;Avenida Presidente Kennedy 66 CEP: 84261-400 Telêmaco Borba - PR
21;Campos Gerais;Telêmaco Borba;Automação Industrial;Presencial;40;Vespertino;Segunda a Sexta-feira;13h30 - 17h30;24;2025-06-02;2025-04-10;2025-04-29 17:24:36;2025-04-29 17:24:36;Avenida Presidente Kennedy 66 CEP: 84261-400 Telêmaco Borba - PR
22;Campos Gerais;Telêmaco Borba;Celulose e Papel;EAD;40;Noturno;Segunda-feira;18h30 - 22h30;24;2025-06-02;2025-04-10;2025-04-29 17:24:45;2025-04-29 17:24:45;Avenida Presidente Kennedy 66 CEP: 84261-400 Telêmaco Borba - PR
23;Campos Gerais;Telêmaco Borba;Celulose e Papel;Presencial;40;Vespertino;Segunda a Sexta-feira;13h30 - 17h30;24;2025-06-02;2025-04-10;2025-04-29 17:24:49;2025-04-29 17:24:49;Avenida Presidente Kennedy 66 CEP: 84261-400 Telêmaco Borba - PR
24;Campos Gerais;Telêmaco Borba;Celulose e Papel;Presencial;40;Noturno;Segunda a Sexta-feira;18h30 - 22h30;24;2025-06-02;2025-04-10;2025-04-29 17:24:54;2025-04-29 17:24:54;Avenida Presidente Kennedy 66 CEP: 84261-400 Telêmaco Borba - PR
25;Campos Gerais;Telêmaco Borba;Mecânica;EAD;40;Noturno;Terça-feira;18h30 - 22h30;24;2025-06-02;2025-04-10;2025-04-29 17:25:02;2025-04-29 17:25:02;Avenida Presidente Kennedy 66 CEP: 84261-400 Telêmaco Borba - PR
26;Campos Gerais;Telêmaco Borba;Segurança do Trabalho;EAD;40;Noturno;Terça-feira;18h30 - 22h30;24;2025-06-02;2025-04-10;2025-04-29 17:25:07;2025-04-29 17:25:07;Avenida Presidente Kennedy 66 CEP: 84261-400 Telêmaco Borba - PR
27;Curitiba;Boqueirão;Administração;EAD;35;Vespertino;Quarta-feira;13h30 - 17h30;12;2025-06-02;2025-04-12;2025-04-29 17:25:16;2025-04-29 17:25:16;Rua Doutor Heleno Da Silveira 351 CEP: 81750-340 Curitiba - PR
28;Curitiba;Boqueirão;Manutenção Automotiva;EAD;35;Matutino;Sexta-feira;08h00 - 12h00;24;2025-06-02;2025-04-10;2025-04-29 17:25:20;2025-04-29 17:25:20;Rua Doutor Heleno Da Silveira 351 CEP: 81750-340 Curitiba - PR
29;Curitiba;Campus da Indústria;Desenvolvimento de Sistemas;EAD;35;Noturno;Quarta-feira;18h30 - 22h30;18;2025-06-02;2025-04-11;2025-04-29 17:25:24;2025-04-29 17:25:24;Avenida Comendador Franco 1341 CEP: 80215-090 Curitiba - PR
30;Curitiba;Campus da Indústria;Edificações;EAD;35;Vespertino;Quinta-feira;13h30 - 17h30;24;2025/08/04;2025-04-11;2025-04-29 17:25:29;2025-06-16 14:43:52.191389;Avenida Comendador Franco 1341 CEP: 80215-090 Curitiba - PR
31;Curitiba;Campus da Indústria;Edificações;EAD;35;Noturno;Terça-feira;18h30 - 22h30;24;2025-06-02;2025-04-11;2025-04-29 17:25:33;2025-04-29 17:25:33;Avenida Comendador Franco 1341 CEP: 80215-090 Curitiba - PR
32;Curitiba;Campus da Indústria;Qualidade;EAD;35;Noturno;Quarta-feira;18h30 - 22h30;18;2025-06-02;2025-04-11;2025-04-29 17:25:37;2025-04-29 17:25:37;Avenida Comendador Franco 1341 CEP: 80215-090 Curitiba - PR
33;Curitiba;Campus da Indústria;Segurança do Trabalho;EAD;35;Noturno;Quinta-feira;18h30 - 22h30;24;2025-06-02;2025-04-11;2025-04-29 17:25:44;2025-04-29 17:25:44;Avenida Comendador Franco 1341 CEP: 80215-090 Curitiba - PR
34;Curitiba;Campus da Indústria;Vestuário;EAD;35;Noturno;Quinta-feira;18h30 - 22h30;24;2025-06-02;2025-04-11;2025-04-29 17:25:48;2025-04-29 17:25:48;Avenida Comendador Franco 1341 CEP: 80215-090 Curitiba - PR
35;Curitiba;CIC;Mecânica;EAD;35;Vespertino;Sexta-feira;13h30 - 17h30;24;2025-06-02;2025-04-09;2025-04-29 17:25:52;2025-04-29 17:25:52;Rua Senador Accioly Filho 298 CEP: 81310-000 Curitiba - PR
36;Curitiba;CIC;Mecatrônica;EAD;35;Vespertino;Terça e Quinta-feira;13h30 - 17h30;24;2025-06-02;2025-04-09;2025-04-29 17:25:57;2025-04-29 17:25:57;Rua Senador Accioly Filho 298 CEP: 81310-000 Curitiba - PR
37;Curitiba;Centro - Curitiba; Automação Industrial;EAD;40;Noturno;Terça-feira;18h30 - 22h30;24;2025/04/08;2025-04-09;2025-04-29 17:26:01;2025-06-23 14:50:56.041426;R Paula Gomes 270 - São Francisco Curitiba - PR 80510-070 Curitiba - PR
38;Curitiba;Centro - Curitiba;Desenvolvimento de Sistemas;EAD;40;Noturno;Segunda a Sexta-feira;18h30 - 22h30;18;2025-06-02;2025-04-09;2025-04-29 17:26:05;2025-04-29 17:26:05;R Paula Gomes 270 - São Francisco Curitiba - PR 80510-070 Curitiba - PR
39;Curitiba;Centro - Curitiba;Desenvolvimento de Sistemas;Presencial;40;Vespertino;Segunda a Sexta-feira;13h30 - 17h30;18;2025-06-02;2025-04-09;2025-04-29 17:26:10;2025-04-29 17:26:10;R Paula Gomes 270 - São Francisco Curitiba - PR 80510-070 Curitiba - PR
40;Curitiba;Centro - Curitiba;Desenvolvimento de Sistemas;Presencial;40;Noturno;Segunda a Sexta-feira;18h30 - 22h30;18;2025-06-02;2025-04-09;2025-04-29 17:26:14;2025-04-29 17:26:14;R Paula Gomes 270 - São Francisco Curitiba - PR 80510-070 Curitiba - PR
41;Noroeste;Campo Mourão;Eletrônica;EAD;25;Noturno;Quinta-feira;19h00 - 23h00;24;2025/08/04;2025-04-09;2025-04-29 17:26:18;2025-06-16 14:43:52.188596;Via do trabalhador 895 Parque Industrial Augusto Tezelli Filho Campo Mourão - PR
42;Noroeste;Campo Mourão;Eletrotécnica;EAD;25;Noturno;Segunda e Terça-feira;19h00 - 23h00;24;2025-06-16;2025-04-09;2025-04-29 17:26:23;2025-04-29 17:26:23;Via do trabalhador 895 Parque Industrial Augusto Tezelli Filho Campo Mourão - PR
43;Noroeste;Campo Mourão;Eletromecânica;EAD;25;Noturno;Segunda e Terça-feira;19h00 - 23h00;24;2025-06-16;2025-04-09;2025-04-29 17:26:27;2025-04-29 17:26:27;Via do trabalhador 895 Parque Industrial Augusto Tezelli Filho Campo Mourão - PR
44;Noroeste;Cianorte;Eletromecânica;EAD;25;Noturno;Quarta-feira;19h00 - 23h00;24;2025-06-16;2025-04-09;2025-04-29 17:26:31;2025-04-29 17:26:31;Travessa Um 63 CEP: 87207-034 Cianorte - PR
45;Noroeste;Cianorte;Eletromecânica;EAD;25;Integral;Sábado;08h00 - 17h00;24;2025-06-16;2025-04-09;2025-04-29 17:26:36;2025-04-29 17:26:36;Travessa Um 63 CEP: 87207-034 Cianorte - PR
46;Noroeste;Cianorte;Eletrotécnica;EAD;25;Noturno;Quarta e Quinta-feira;19h00 - 23h00;24;2025-06-16;2025-04-09;2025-04-29 17:26:40;2025-04-29 17:26:40;Travessa Um 63 CEP: 87207-034 Cianorte - PR
47;Noroeste;Maringá;Automação Industrial ;EAD;30;Noturno;Terça-feira;19h00 - 23h00;24;2025-06-16;2025-04-10;2025-04-29 17:26:44;2025-04-29 17:26:44;Rua Jose Correia De Aguiar 361 CEP: 87053-276 Maringá - PR
48;Noroeste;Maringá;Eletromecânica;EAD;30;Noturno;Terça-feira;19h00 - 23h00;24;2025-06-16;2025-04-10;2025-04-29 17:26:53;2025-04-29 17:26:53;Rua Jose Correia De Aguiar 361 CEP: 87053-276 Maringá - PR
49;Noroeste;Maringá;Manutenção Automotiva;EAD;30;Integral;Sábado;08h00 - 17h00;24;2025-06-16;2025-04-10;2025-04-29 17:26:57;2025-04-29 17:26:57;Rua Vereador Nelson Abrao 80 Zona 05 CEP: 87015-230 Maringá - PR
50;Noroeste;Maringá;Segurança do Trabalho;EAD;30;Noturno;Quarta-feira;19h00 - 23h00;24;2025-06-16;2025-04-10;2025-04-29 17:27:02;2025-04-29 17:27:02;Rua Vereador Nelson Abrao 80 Zona 05 CEP: 87015-230 Maringá - PR
51;Noroeste;Paranavaí;Automação Industrial;EAD;30;Integral;Sábado;08h00 - 17h00;24;2025-06-16;2025-04-09;2025-04-29 17:27:06;2025-04-29 17:27:06;Rua José Virgílio Fernandes Snº CEP: 87706-360 Paranavaí - PR
52;Noroeste;Paranavaí;Eletromecânica;EAD;30;Integral;Sábado;08h00 - 17h00;24;2025-06-16;2025-04-09;2025-04-29 17:27:10;2025-04-29 17:27:10;Rua José Virgílio Fernandes Snº CEP: 87706-360 Paranavaí - PR
53;Noroeste;Umuarama;Eletrotécnica;EAD;25;Integral;Sábado;09h00 - 18h00;24;2025-06-16;2025-04-10;2025-04-29 17:27:19;2025-04-29 17:27:19;Rua Capital da Amizade 2635 CEP: 87506-305 Umuarama - PR
54;Noroeste;Umuarama;Automação Industrial;EAD;25;Integral;Sábado;9h - 18h;24;2025-06-16;2025-04-10;2025-04-29 17:27:24;2025-04-29 17:27:24;Rua Capital da Amizade 2635 CEP: 87506-305 Umuarama - PR
55;Norte;Arapongas;Desenvolvimento de Sistemas;EAD;25;Integral;Sábado;08h00 - 17h00;18;2025-06-16;2025-04-15;2025-04-29 17:27:32;2025-04-29 17:27:32;Avenida Maracanã 3260 CEP: 86705-582 Arapongas - PR
56;Norte;Arapongas;Eletrotécnica;EAD;25;Noturno;Quarta e Quinta-feira;18:50 - 22:50;24;2025-06-16;2025-04-15;2025-04-29 17:27:37;2025-04-29 17:27:37;Avenida Maracanã 3260 CEP: 86705-582 Arapongas - PR
57;Norte;Londrina;Automação Industrial;EAD;35;Noturno;Quarta-feira;19h00 - 23h00;24;2025-06-16;2025-04-14;2025-04-29 17:27:41;2025-04-29 17:27:41;Rua Belém 844 CEP: 86026-040 Londrina - PR
58;Norte;Londrina;Desenvolvimento de Sistemas;EAD;35;Noturno;Terça-feira;19h00 - 23h00;18;2025-06-16;2025-04-07;2025-04-29 17:27:45;2025-04-29 17:27:45;Rua Belém 844 CEP: 86026-040 Londrina - PR
59;Norte;Londrina;Mecatrônica;EAD;35;Integral;Sábado;08h00 - 17h00;24;2025-06-16;2025-04-23;2025-04-29 17:27:50;2025-04-29 17:27:50;Rua Belém 844 CEP: 86026-040 Londrina - PR
60;Norte;Londrina;Desenvolvimento de Sistemas;EAD;35;Noturno;Terça-feira;19h00 - 23h00;18;2025-06-16;2025-04-14;2025-04-29 17:27:54;2025-04-29 17:27:54;Rua Belém 844 CEP: 86026-040 Londrina - PR
61;Norte;Londrina;esenvolvimento de Sistemas;Presencial;35;Vespertino;Segunda a Sexta-feira;13h30 - 17h30;18;2025-06-16;2025-04-11;2025-04-29 17:27:58;2025-04-29 17:27:58;Rua Belém 844 CEP: 86026-040 Londrina - PR
62;Norte;Londrina; Eletromecânica;EAD;35;Noturno;Segunda-feira;19h00 - 23h00;24;2025-06-16;2025-04-14;2025-04-29 17:28:03;2025-04-29 17:28:03;Rua Belém 844 CEP: 86026-040 Londrina - PR
63;Norte;Londrina;Eletrotécnica;EAD;35;Noturno;Segunda e Quarta-feira;19h00 - 23h00;24;2025-06-16;2025-04-14;2025-04-29 17:28:07;2025-04-29 17:28:07;Rua Belém 844 CEP: 86026-040 Londrina - PR
64;Norte;Londrina;Manutenção Automotiva;EAD;35;Noturno;Quarta e Quinta-feira;19h00 - 23h00;24;2025-06-16;2025-04-14;2025-04-29 17:28:11;2025-04-29 17:28:11;Rua Belém 844 CEP: 86026-040 Londrina - PR
65;Norte;Londrina;Manutenção Automotiva;EAD;35;Vespertino;Segunda e Terça-feira;13h30 - 17h30;24;2025-06-16;2025-04-14;2025-04-29 17:28:16;2025-04-29 17:28:16;Rua Belém 844 CEP: 86026-040 Londrina - PR
66;Norte;Londrina;Qualidade;EAD;35;Integral;Sábado;19h00 - 23h00;18;2025-06-16;2025-04-14;2025-04-29 17:28:24;2025-04-29 17:28:24;Rua Belém 844 CEP: 86026-040 Londrina - PR
67;Norte;Londrina;Segurança do Trabalho;EAD;35;Noturno;Sexta-feira;19h00 - 23h00;24;2025-06-16;2025-04-14;2025-04-29 17:28:29;2025-04-29 17:28:29;Rua Belém 844 CEP: 86026-040 Londrina - PR
68;Norte;Londrina;Vestuário;EAD;35;Noturno;Terça-feira;19h00 - 23h00;24;2025-06-16;2025-04-14;2025-04-29 17:28:33;2025-04-29 17:28:33;Rua Belém 844 CEP: 86026-040 Londrina - PR
69;Norte;Santo Antonio da Platina;Automação Industrial;EAD;35;Integral;Sábado;08h00 - 17h00;24;2025-06-16;2025-04-09;2025-04-29 17:28:37;2025-04-29 17:28:37;Rua José Vieira Gusmão 850 CEP: 86430-000 Santo Antonio da Platina - PR
70;Norte;Santo Antonio da Platina;Eletromecânica;EAD;35;Integral;Sábado;08h00 - 17h00;24;2025-06-16;2025-04-09;2025-04-29 17:28:42;2025-04-29 17:28:42;Rua José Vieira Gusmão 850 CEP: 86430-000 Santo Antonio da Platina - PR
71;Norte;Santo Antonio da Platina;Eletromecânica;EAD;35;Noturno;Quarta-feira;18h30 - 22h30;24;2025-06-16;2025-04-09;2025-04-29 17:28:46;2025-04-29 17:28:46;Rua José Vieira Gusmão 850 CEP: 86430-000 Santo Antonio da Platina - PR
72;Norte;Santo Antonio da Platina;Eletrotécnica;EAD;35;Integral;Sábado;08h00 - 17h00;24;2025-06-16;2025-04-09;2025-04-29 17:28:51;2025-04-29 17:28:51;Rua José Vieira Gusmão 850 CEP: 86430-000 Santo Antonio da Platina - PR
73;Norte;Santo Antonio da Platina;Eletrotécnica;EAD;35;Noturno;Quarta e Sexta-feira;18h30 - 22h30;24;2025-06-16;2025-04-09;2025-04-29 17:28:55;2025-04-29 17:28:55;Rua José Vieira Gusmão 850 CEP: 86430-000 Santo Antonio da Platina - PR
74;Oeste;Cascavel;Automação Industrial;Presencial;35;Noturno;Segunda a Sexta-feira;19h00 - 23h00;24;2025-06-16;2025-04-09;2025-04-29 17:29:00;2025-04-29 17:29:00;Rua Heitor Stockler De França 161 CEP: 85819-760 Cascavel - PR
75;Oeste;Cascavel;Manutenção Automotiva;EAD;35;Noturno;Sexta-feira;19h00 - 23h00;24;2025-06-16;2025-04-11;2025-04-29 17:29:04;2025-04-29 17:29:04;Rua Heitor Stockler De França 161 CEP: 85819-760 Cascavel - PR
76;Oeste;Foz do Iguaçu;Eletrotécnica;EAD;35;Noturno;Terça e Quinta-feira;18h30 - 22h30;24;2025-06-16;2025-04-14;2025-04-29 17:29:08;2025-04-29 17:29:08;Rua Perdigão 58 CEP: 85866-460 Foz do Iguaçu - PR
77;Oeste;Marechal Cândido Rondon; Eletrotécnica;EAD;35;Integral;Segunda e Terça-feira;18h45 - 22h45;24;2025-06-16;2025-04-11;2025-04-29 17:29:13;2025-04-29 17:29:13;Avenida Rio Grande do Sul 3133 CEP: 85960-000 Marechal Cândido Rondon - PR
78;Oeste;Toledo;Alimentos;EAD;40;Noturno;Quinta-feira;18h40 - 22h40;24;2025-06-16;2025-04-11;2025-04-29 17:29:31;2025-04-29 17:29:31;Rua Julio de Castilhos 3465 CEP: 85904-175 Toledo - PR
79;Oeste;Toledo;Automação Industrial;EAD;40;Noturno;Terça-feira;18h40 - 22h40;24;2025-06-16;2025-04-11;2025-04-29 17:29:35;2025-04-29 17:29:35;Rua Julio de Castilhos 3465 CEP: 85904-175 Toledo - PR
80;Oeste;Toledo;Edificações;EAD;40;Noturno;Segunda-feira;18h40 - 22h40;24;2025-06-16;2025-04-11;2025-04-29 17:29:39;2025-04-29 17:29:39;Rua Julio de Castilhos 3465 CEP: 85904-175 Toledo - PR
81;Oeste;Toledo;Eletrotécnica;EAD;40;Noturno;Quarta e Quinta-feira;18h40 - 22h40;24;2025-06-16;2025-04-11;2025-04-29 17:29:46;2025-04-29 17:29:46;Rua Julio de Castilhos 3465 CEP: 85904-175 Toledo - PR
82;Oeste;Toledo;Segurança do Trabalho;EAD;40;Noturno;Terça-feira;18h40 - 22h40;24;2025-06-16;2025-04-14;2025-04-29 17:29:51;2025-04-29 17:29:51;Rua Julio de Castilhos 3465 CEP: 85904-175 Toledo - PR
83;RMC - Curitiba;São José dos Pinhais;Automação Industrial;EAD;35;Noturno;Quinta-feira;18h30 - 22h30;24;2025-06-16;2025-04-11;2025-04-29 17:29:55;2025-04-29 17:29:55;Av Rui Barbosa 5881 - Afonso Pena 83045-350 São José dos Pinhais - PR
84;RMC - Curitiba;São José dos Pinhais;Mecânica;EAD;35;Noturno;Quarta-feira;18h30 - 22h30;24;2025-06-16;2025-04-11;2025-04-29 17:30:00;2025-04-29 17:30:00;Av Rui Barbosa 5881 - Afonso Pena 83045-350 São José dos Pinhais - PR
85;RMC - Curitiba;São José dos Pinhais;Desenvolvimento de Sistemas;EAD;25;Noturno;Quarta-feira;18h30 - 22h30;18;2025-06-16;2025-04-11;2025-04-29 17:30:05;2025-04-29 17:30:05;Av Rui Barbosa 5881 - Afonso Pena 83045-350 São José dos Pinhais - PR
86;RMC - Curitiba;São José dos Pinhais;Logística;EAD;25;Noturno;Quinta-feira;18h30 - 22h30;18;2025-06-16;2025-04-11;2025-04-29 17:30:10;2025-04-29 17:30:10;Av Rui Barbosa 5881 - Afonso Pena 83045-350 São José dos Pinhais - PR
87;RMC - Curitiba;Campo Largo;Eletromecânica;EAD;42;Noturno;quinta feira;18h45 - 22h45;24;2025-06-16;2025-04-16;2025-04-29 17:30:15;2025-04-29 17:30:15;Avenida Padre Natal Pigatto 2027 CEP: 83607-240 Campo Largo - PR
88;RMC - Curitiba;Colombo;Automação Industrial;EAD;30;Noturno;Quarta-feira;18h30 - 22h30;24;2025/08/04;2025-04-11;2025-04-29 17:30:19;2025-06-16 14:43:52.192775;Av Pref João Batista Stocco 256 - Guaraituba Colombo - PR
89;RMC - Curitiba;Colombo;Eletromecânica;EAD;30;Noturno;Quarta-feira;18h30 - 22h30;24;2025-06-16;2025-04-11;2025-04-29 17:30:24;2025-04-29 17:30:24;Av Pref João Batista Stocco 256 - Guaraituba Colombo - PR
90;RMC - Curitiba;Colombo;Eletromecânica;EAD;30;Integral;Sábado;08h00 - 17h00;24;2025-06-16;2025-04-11;2025-04-29 17:30:28;2025-04-29 17:30:28;Av Pref João Batista Stocco 256 - Guaraituba Colombo - PR
91;RMC - Curitiba;Colombo;Eletrotécnica;EAD;30;Integral;Sábado;08h00 - 17h00;24;2025-06-16;2025-04-11;2025-04-29 17:30:32;2025-04-29 17:30:32;Av Pref João Batista Stocco 256 - Guaraituba Colombo - PR
92;RMC - Curitiba;Colombo;Eletrotécnica;EAD;30;Noturno;Segunda-feira;18h30 - 22h30;24;2025-06-16;2025-04-11;2025-04-29 17:30:37;2025-04-29 17:30:37;Av Pref João Batista Stocco 256 - Guaraituba Colombo - PR
93;RMC - Curitiba;Colombo;Química;EAD;30;Noturno;Segunda-feira;18h30 - 22h30;24;2025-06-16;2025-04-11;2025-04-29 17:30:41;2025-04-29 17:30:41;Av Pref João Batista Stocco 256 - Guaraituba Colombo - PR
94;RMC - Curitiba;Paranaguá;Eletromecânica;EAD;35;Noturno;Segunda-feira;18h30 - 22h30;24;2025-06-16;2025-04-10;2025-04-29 17:30:45;2025-04-29 17:30:45;Rua Presidente Washington Luiz 1189 CEP: 83221-052 Paranaguá - PR
95;RMC - Curitiba;Paranaguá;Mecatrônica;EAD;35;Noturno;Terça-feira;18h30 - 22h30;24;2025-06-16;2025-04-10;2025-04-29 17:30:49;2025-04-29 17:30:49;Rua Presidente Washington Luiz 1189 CEP: 83221-052 Paranaguá - PR
96;RMC - Curitiba;Pinhais;Administração;EAD;35;Noturno;Segunda-feira;18h30 - 22h30;12;2025-06-16;2025-04-14;2025-04-29 17:30:54;2025-04-29 17:30:54;Avenida Ayrton Senna da Silva 2650 CEP: 83323-290 Pinhais - PR
97;RMC - Curitiba;Pinhais;Automação Industrial;EAD;35;Noturno;Quarta-feira;18h30 - 22h30;24;2025-06-16;2025-04-14;2025-04-29 17:30:58;2025-04-29 17:30:58;Avenida Ayrton Senna da Silva 2650 CEP: 83323-290 Pinhais - PR
98;RMC - Curitiba;Pinhais;Desenvolvimento de Sistemas;EAD;35;Noturno;Quarta-feira;18h30 - 22h30;18;2025-06-16;2025-04-14;2025-04-29 17:31:02;2025-04-29 17:31:02;Avenida Ayrton Senna da Silva 2650 CEP: 83323-290 Pinhais - PR
99;RMC - Curitiba;Pinhais;Eletromecânica;EAD;35;Noturno;Quinta-feira;18h30 - 22h30;24;2025-06-16;2025-04-14;2025-04-29 17:31:07;2025-04-29 17:31:07;Avenida Ayrton Senna da Silva 2650 CEP: 83323-290 Pinhais - PR
100;RMC - Curitiba;Pinhais;Eletrotécnica;EAD;35;Noturno;Terça e Quarta-feira;18h30 - 22h30;24;2025-06-16;2025-04-14;2025-04-29 17:31:11;2025-04-29 17:31:11;Avenida Ayrton Senna da Silva 2650 CEP: 83323-290 Pinhais - PR
101;RMC - Curitiba;Pinhais;Logística;EAD;35;Matutino;Sábado;08h00 - 12h00;18;2025-06-16;2025-04-14;2025-04-29 17:31:15;2025-04-29 17:31:15;Avenida Ayrton Senna da Silva 2650 CEP: 83323-290 Pinhais - PR
102;RMC - Curitiba;Pinhais;Mecânica;EAD;35;Noturno;Segunda-feira;18h30 - 22h30;24;2025-06-16;2025-04-14;2025-04-29 17:31:20;2025-04-29 17:31:20;Avenida Ayrton Senna da Silva 2650 CEP: 83323-290 Pinhais - PR
103;RMC - Curitiba;Rio Negro;Desenvolvimento de Sistemas;EAD;30;Noturno;Quinta-feira;18h30 - 22h30;18;2025-06-16;2025-04-11;2025-04-29 17:31:24;2025-04-29 17:31:24;Rua José Eduardo Henning 50 CEP: 83880-000 Rio Negro - PR
104;RMC - Curitiba;Rio Negro;Logística;Presencial;30;Noturno;Segunda à Sexta;18h30 - 22h30;18;2025-06-16;2025-04-11;2025-04-29 17:31:28;2025-04-29 17:31:28;Rua José Eduardo Henning 50 CEP: 83880-000 Rio Negro - PR
105;RMC - Curitiba;Rio Negro;Qualidade;EAD;30;Noturno;Terça-feira;18h30 - 22h30;18;2025-06-16;2025-04-11;2025-04-29 17:31:33;2025-04-29 17:31:33;Rua José Eduardo Henning 50 CEP: 83880-000 Rio Negro - PR
106;RMC - Curitiba;Rio Negro;Segurança do Trabalho;EAD;30;Noturno;Terça-feira;18h30 - 22h30;24;2025-06-16;2025-04-11;2025-04-29 17:31:37;2025-04-29 17:31:37;Rua José Eduardo Henning 50 CEP: 83880-000 Rio Negro - PR
107;Sudoeste;Pato Branco; Eletromecânica;EAD;30;Integral;Sábado;08h00 - 17h00;24;2025-06-16;2025-04-22;2025-04-29 17:32:00;2025-04-29 17:32:00;Rua Xingu 833 CEP: 85502-090 Pato Branco - PR
108;Sudoeste;Pato Branco; Eletrotécnica;Presencial;35;Noturno;Segunda a Sexta-feira;18h30 - 22h30;24;2025-06-16;2025-04-22;2025-04-29 17:32:05;2025-04-29 17:32:05;Rua Xingu 833 CEP: 85502-090 Pato Branco - PR
109;Campos Gerais;Ponta Grossa;Segurança do Trabalho;EAD;35;Noturno;Quarta-feira;18h30 - 22h30;24;2025-06-02;2025-04-22;2025-04-29 17:58:24;2025-04-29 17:58:24;Rua Joaquim De Paula Xavier 1050 CEP: 84050-000 Ponta Grossa - PR
110;Campos Gerais;Telêmaco Borba;Automação Industrial;Presencial;40;Noturno;Segunda a Sexta-feira;18h30 - 22h30;24;2025-06-02;2025-04-22;2025-04-29 18:00:39;2025-04-29 18:00:39;Av Vidal de Negreiros 225 -  CEP 84261-560 - Telêmaco Borba - PR
111;Campos Gerais;Telêmaco Borba;Eletrotécnica;EAD;40;Noturno;Terça e Quinta-feira;18h30 - 22h30;24;2025-06-02;2025-04-22;2025-04-29 18:01:46;2025-04-29 18:01:46;Av Vidal de Negreiros 225 -  CEP 84261-560 - Telêmaco Borba - PR
112;Campos Gerais;União da Vitória;Manutenção Automotiva;Presencial;35;Noturno;Segunda a Sexta-feira;19h00 - 23h00;24;2025-06-02;2025-04-12;2025-04-29 18:03:15;2025-04-29 18:03:15;Rua Marechal Deodoro da Fonseca 70 CEP: 84600-000 União da Vitória - PR
113;Noroeste;Maringá CTM;Eletrotécnica;EAD;30;Noturno;Terça-feira;19h00 - 23h00;24;2025-06-16;2025-04-12;2025-04-29 18:05:11;2025-04-29 18:05:11;Rua Jose Correia De Aguiar 361 CEP: 87053-276 Maringá - PR
114;Noroeste;Paranavaí;Manutenção Automotiva;EAD;30;Integral;Segunda  e Quarta-feira;19h00 - 23h00;24;2025-06-16;2025-04-12;2025-04-29 18:06:35;2025-04-29 18:06:35;Rua José Virgílio Fernandes Snº CEP: 87706-360 Paranavaí - PR
115;Norte;Apucarana II;Eletromecânica;EAD;35;Noturno;Terça-feira;19h00 - 23h00;24;2025-06-16;2025-04-14;2025-04-29 18:07:42;2025-04-29 18:07:42;Avenida Aviação 1851 CEP: 86812-500 Apucarana - PR
116;Norte;Londrina;Qualidade;EAD;35;Noturno;Segunda-feira;19h00 - 23h00;18;2025-06-16;2025-04-14;2025-04-29 18:09:02;2025-04-29 18:09:02;Rua Martin Afonso de Souza 136 CEP: 87900-970 Loanda - PR
117;Oeste;Medianeira;Eletromecânica;EAD;35;Noturno;Quinta e Sexta-feira;18h30 - 22h30;24;2025-06-16;2025-04-14;2025-04-29 18:10:26;2025-04-29 18:10:26;Av Brasília 675 - Condá 85884-000 Medianeira - PR
118;Oeste;Medianeira;Eletromecânica;EAD;40;Noturno;Quinta e Sexta-feira;08h00 - 12h00;24;2025-06-16;2025-04-14;2025-04-29 18:11:19;2025-04-29 18:11:19;Av Brasília 675 - Condá 85884-000 Medianeira - PR
119;Oeste;Medianeira;Eletromecânica;EAD;40;Noturno;Terça e Quarta-feira;18h30 - 22h30;24;2025-06-16;2025-04-14;2025-04-29 18:11:50;2025-04-29 18:11:50;Av Brasília 675 - Condá 85884-000 Medianeira - PR
120;Sudoeste;Dois Vizinhos;Segurança do Trabalho;EAD;35;Noturno;Terça-feira;18h30 - 22h30;24;2025-06-02;2025-04-14;2025-04-29 18:28:12;2025-04-29 18:28:12;Rua Pedro Alvares Cabral 905 CEP: 85660-000 Dois Vizinhos - PR
121;Sudoeste;Francisco Beltrãos;Eletromecânica;EAD;36;Integral;Sábado;08h00 - 17h00;24;2025-06-16;2025-04-14;2025-04-29 18:30:13;2025-04-29 18:30:13;Rua União da Vitoria 66 CEP: 85605-586 Francisco Beltrão - PR
122;Sudoeste;Francisco Beltrãos;Eletrotécnica;Presencial;36;Noturno;Segunda a Sexta-feira;18h30 - 22h30;24;2025-06-16;2025-04-14;2025-04-29 18:31:21;2025-04-29 18:31:21;Rua União da Vitoria 66 CEP: 85605-586 Francisco Beltrão - PR
123;Sudoeste;Palmas;Eletromecânica;EAD;25;Noturno;Quinta-feira;18h30 - 22h30;24;2025-06-16;2025-04-14;2025-04-29 18:35:36;2025-04-29 18:35:36;Rua Marechal Deodoro Snº CEP: 85555-000 Palmas - PR
124;Campos Gerais;Telêmaco Borba;Automação Industrial;Presencial;40;Noturno;Segunda a Sexta-feira;18h30 - 22h30;24;2025-06-02;2025-04-14;2025-04-29 18:43:07;2025-04-29 18:43:07;Av Vidal de Negreiros 225 -  CEP 84261-560 - Telêmaco Borba - PR
125;Campos Gerais;Telêmaco Borba;Eletrotécnica;EAD;40;Noturno;Terça e Quinta-feira;18h30 - 22h30;24;2025-06-02;2025-04-14;2025-04-29 18:45:20;2025-04-29 18:45:20;Av Vidal de Negreiros 225 -  CEP 84261-560 - Telêmaco Borba - PR
126;RMC - Curitiba;São José dos Pinhais;Automação Industrial;EAD;35;Integral;Sábado;08h00 - 17h00;24;2025/08/04;2025-04-11;2025-06-16 14:43:52.075028;2025-06-16 14:43:52.075030;Av Rui Barbosa 5881 - Afonso Pena 83045-350 São José dos Pinhais - PR
127;RMC - Curitiba;São José dos Pinhais;Eletromecânica;EAD;35;Noturno;Quinta-feira;18h30 - 22h30;24;2025/08/04;2025-04-11;2025-06-16 14:43:52.078380;2025-06-16 14:43:52.078382;Av Rui Barbosa 5881 - Afonso Pena 83045-350 São José dos Pinhais - PR
128;RMC - Curitiba;São José dos Pinhais;Mecânica;Presencial;35;Noturno;Segunda a Sexta-feira;18h30 - 22h30;24;2025/08/04;2025-04-11;2025-06-16 14:43:52.079565;2025-06-16 14:43:52.079566;Av Rui Barbosa 5881 - Afonso Pena 83045-350 São José dos Pinhais - PR
129;RMC - Curitiba;São José dos Pinhais;Mecatrônica;Presencial;35;Noturno;Segunda a Sexta-feira;18h30 - 22h30;24;2025/08/04;2025-04-11;2025-06-16 14:43:52.080617;2025-06-16 14:43:52.080618;Av Rui Barbosa 5881 - Afonso Pena 83045-350 São José dos Pinhais - PR
130;Oeste;Ampére;Automação Industrial;EAD;35;Noturno;Terça e Quarta -feira;18h30 - 22h30;24;2025/08/04;2025-04-11;2025-06-16 14:43:52.081718;2025-06-16 14:43:52.081719;Rua Erechim - 383 - Bairro Rondinha
131;Norte;Apucarana;Eletromecânica;EAD;35;Noturno;Terça-feira;19h00 - 23h00;24;2025/08/04;2025-04-14;1923.72025-06-16 14:43:52.082867;2025-06-16 14:43:52.082868;Avenida Aviação - 1851
132;Norte;Apucarana;Eletrotécnica;EAD;35;Noturno;Quarta e Sexta-feira;19h00 - 23h00;24;2025/08/04;2025-04-14;2025-06-16 14:43:52.084065;2025-06-16 14:43:52.084066;Avenida Aviação - 1851
133;Norte;Apucarana II;Desenvolvimento de Sistemas;EAD;35;Noturno;Terça-feira;19h00 - 23h00;24;2025/08/04;2025-04-14;2025-06-16 14:43:52.085107;2025-06-16 14:43:52.085108;Avenida Aviação 1851 CEP: 86812-500 Apucarana - PR
134;Norte;Arapongas;Automação Industrial;EAD;35;Noturno;Quinta-feira;18h50 - 22h50;24;2025/08/04;2025-04-14;2025-06-16 14:43:52.086134;2025-06-16 14:43:52.086134;Avenida Maracanã 3260 CEP: 86705-582 Arapongas - PR
135;Norte;Arapongas;Eletrotécnica;EAD;35;Noturno;Terça e Quinta-feira;18h50 - 22h50;24;2025/08/04;2025-04-14;2025-06-16 14:43:52.087147;2025-06-16 14:43:52.087147;Avenida Maracanã 3260 CEP: 86705-582 Arapongas - PR
136;Norte;Arapongas;Segurança do Trabalho;EAD;35;Noturno;Segunda a Sexta-feira;18h50 - 22h50;24;2025/08/04;2025-04-14;2025-06-16 14:43:52.088179;2025-06-16 14:43:52.088180;Avenida Maracanã 3260 CEP: 86705-582 Arapongas - PR
137;Curitiba;Boqueirão;Administração;EAD;35;Noturno;Quarta e Quinta-feira;18h30 - 22h30;12 ;2025/08/04;2025-04-14;2025-06-16 14:43:52.089185;2025-06-16 14:43:52.089186;Rua Doutor Heleno Da Silveira 351 CEP: 81750-340 Curitiba - PR
138;Curitiba;Boqueirão;Administração;EAD;35;Vespertino;Quarta e Quinta-feira;13h15 - 17h15;12 ;2025/08/04;2025-04-14;2025-06-16 14:43:52.090309;2025-06-16 14:43:52.090310;Rua Doutor Heleno Da Silveira 351 CEP: 81750-340 Curitiba - PR
139;Curitiba;Boqueirão;Manutenção Automotiva;Presencial;35;Matutino;Segunda a Sexta-feira;08h00 - 12h00;24;2025/08/04;2025-04-14;2025-06-16 14:43:52.091456;2025-06-16 14:43:52.091457;Rua Doutor Heleno Da Silveira 351 CEP: 81750-340 Curitiba - PR
140;Curitiba;Boqueirão;Manutenção Automotiva;Presencial;35;Noturno;Segunda a Sexta-feira;18h30 - 22h30;24;2025/08/04;2025-04-14;2025-06-16 14:43:52.092517;2025-06-16 14:43:52.092518;Rua Doutor Heleno Da Silveira 351 CEP: 81750-340 Curitiba - PR
141;Curitiba;Boqueirão;Manutenção Automotiva;EAD;35;Noturno;Quinta e Sexta-feira;18h30 - 22h30;24;2025/08/04;2025-04-14;2025-06-16 14:43:52.093526;2025-06-16 14:43:52.093527;Rua Doutor Heleno Da Silveira 351 CEP: 81750-340 Curitiba - PR
142;RMC - Curitiba;Campo Largo;Administração;EAD;35;Noturno;Quarta e Quinta-feira;18h45 -22h45;12 ;2025/08/04;2025-04-14;2025-06-16 14:43:52.094544;2025-06-16 14:43:52.094545;Avenida Padre Natal Pigatto 2027 CEP: 83607-240 Campo Largo - PR
143;RMC - Curitiba;Campo Largo;Mecânica;EAD;35;Noturno;Quinta e Sexta-feira;18h45 -22h45;24;2025/08/04;2025-04-14;2025-06-16 14:43:52.095549;2025-06-16 14:43:52.095550;Avenida Padre Natal Pigatto 2027 CEP: 83607-240 Campo Largo - PR
144;RMC - Curitiba;Campo Largo;Segurança do Trabalho;EAD;35;Noturno;Terça e Sexta-feira;18h45 -22h45;24;2025/08/04;2025-04-14;2025-06-16 14:43:52.096781;2025-06-16 14:43:52.096782;Avenida Padre Natal Pigatto 2027 CEP: 83607-240 Campo Largo - PR
145;Noroeste;Campo Mourão;Automação Industrial;EAD;35;Noturno;Quinta-feira;19h00 - 23h00;24;2025/08/04;2025-04-14;2025-06-16 14:43:52.097827;2025-06-16 14:43:52.097828;Via do trabalhador 895 Parque Industrial Augusto Tezelli Filho Campo Mourão - PR
146;Curitiba;Campus da Indústria;Desenvolvimento de Sistemas;Presencial;35;Vespertino;Segunda a Sexta-feira;13h30 - 17h30;18;2025/08/04;2025-04-14;2025-06-16 14:43:52.098969;2025-06-16 14:43:52.098970;Avenida Comendador Franco 1341 CEP: 80215-090 Curitiba - PR
147;Curitiba;Campus da Indústria;Desenvolvimento de Sistemas;Presencial;35;Noturno;Segunda a Sexta-feira;18h30 - 22h30;18;2025/08/04;2025-04-14;2025-06-16 14:43:52.100021;2025-06-16 14:43:52.100022;Avenida Comendador Franco 1341 CEP: 80215-090 Curitiba - PR
148;Curitiba;Campus da Indústria;Edificações;EAD;35;Noturno;Quinta-feira;18h30 - 22h30;24;2025/08/04;2025-04-14;2025-06-16 14:43:52.101046;2025-06-16 14:43:52.101047;Avenida Comendador Franco 1341 CEP: 80215-090 Curitiba - PR
149;Curitiba;Campus da Indústria;Qualidade;EAD;35;Noturno;Terça-feira;18h30 - 22h30;18;2025/08/04;2025-04-14;2025-06-16 14:43:52.102061;2025-06-16 14:43:52.102062;Avenida Comendador Franco 1341 CEP: 80215-090 Curitiba - PR
150;Curitiba;Campus da Indústria;Segurança do Trabalho;EAD;35;Matutino;Terça-feira;08h00 - 12h00;24;2025/08/04;2025-04-14;2025-06-16 14:43:52.103065;2025-06-16 14:43:52.103066;Avenida Comendador Franco 1341 CEP: 80215-090 Curitiba - PR
151;Curitiba;Campus da Indústria;Segurança do Trabalho;EAD;35;Noturno;Terça-feira;18h30 - 22h30;24;2025/08/04;2025-04-14;2025-06-16 14:43:52.104075;2025-06-16 14:43:52.104076;Avenida Comendador Franco 1341 CEP: 80215-090 Curitiba - PR
152;Curitiba;Campus da Indústria;Vestuário;EAD;35;Matutino;Sexta-feira;08h00 - 12h00;24;2025/08/04;2025-04-14;2025-06-16 14:43:52.105070;2025-06-16 14:43:52.105071;Avenida Comendador Franco 1341 CEP: 80215-090 Curitiba - PR
153;Oeste;Cascavel;Eletromecânica;EAD;35;Noturno;Sexta-feira;19h00 - 23h10;24;2025/08/04;2025-04-14;2025-06-16 14:43:52.106094;2025-06-16 14:43:52.106095;Rua Heitor Stockler De França 161 CEP: 85819-760 Cascavel - PR
154;Oeste;Cascavel;Eletrotécnica;EAD;35;Noturno;Quarta e Sexta-feira;19h00 - 23h00;24;2025/08/04;2025-04-14;2025-06-16 14:43:52.107175;2025-06-16 14:43:52.107176;Rua Heitor Stockler De França 161 CEP: 85819-760 Cascavel - PR
155;Noroeste;Cianorte;Automação Industrial;EAD;35;Noturno;Terça-feira;19h00 - 23h00;24;2025/08/04;2025-04-14;2025-06-16 14:43:52.108450;2025-06-16 14:43:52.108451;Travessa Um 63 CEP: 87207-034 Cianorte - PR
156;Noroeste;Cianorte;Eletromecânica;EAD;35;Noturno;Terça-feira;19h00 - 23h00;24;2025/08/04;2025-04-14;2025-06-16 14:43:52.109540;2025-06-16 14:43:52.109541;Travessa Um 63 CEP: 87207-034 Cianorte - PR
157;Noroeste;Cianorte;Eletrotécnica;EAD;35;Noturno;Segunda e Terça-feira;19h00 - 23h00;24;2025/08/04;2025-04-14;2025-06-16 14:43:52.110648;2025-06-16 14:43:52.110649;Travessa Um 63 CEP: 87207-034 Cianorte - PR
158;Noroeste;Cianorte;Eletrotécnica;Presencial;35;Noturno;Segunda a Sexta-feira;19h00 - 23h00;24;2025/08/04;2025-04-14;2025-06-16 14:43:52.111669;2025-06-16 14:43:52.111670;Travessa Um 63 CEP: 87207-034 Cianorte - PR
159;Noroeste;Cianorte;Segurança do Trabalho;EAD;35;Noturno;Quarta-feira;19h00 - 23h00;24;2025/08/04;2025-04-14;2025-06-16 14:43:52.112684;2025-06-16 14:43:52.112685;Travessa Um 63 CEP: 87207-034 Cianorte - PR
160;Curitiba;CIC;Alimentos;EAD;35;Noturno;Terça e Quinta-feira;18h30 - 22h30;24;2025/08/04;2025-04-14;2025-06-16 14:43:52.113691;2025-06-16 14:43:52.113692;Rua Senador Accioly Filho 298 CEP: 81310-000 Curitiba - PR
161;Curitiba;CIC;Biotecnologia;EAD;35;Noturno;Segunda e Quarta-feira;18h30 - 22h30;24;2025/08/04;2025-04-14;2025-06-16 14:43:52.114692;2025-06-16 14:43:52.114693;Rua Senador Accioly Filho 298 CEP: 81310-000 Curitiba - PR
162;Curitiba;CIC;Desenvolvimento de Sistemas;Presencial;35;Vespertino;Segunda a Sexta-feira;13h30 - 17h30;18;2025/08/04;2025-04-14;2025-06-16 14:43:52.115684;2025-06-16 14:43:52.115685;Rua Senador Accioly Filho 298 CEP: 81310-000 Curitiba - PR
163;Curitiba;CIC;Eletromecânica;EAD;35;Noturno;Terça e Quinta-feira;18h30 - 22h30;24;2025/08/04;2025-04-14;2025-06-16 14:43:52.116700;2025-06-16 14:43:52.116701;Rua Senador Accioly Filho 298 CEP: 81310-000 Curitiba - PR
164;Curitiba;CIC;Eletromecânica;Presencial;35;Noturno;Segunda a Sexta-feira;18h30 - 22h30;24;2025/08/04;2025-04-14;2025-06-16 14:43:52.117706;2025-06-16 14:43:52.117707;Rua Senador Accioly Filho 298 CEP: 81310-000 Curitiba - PR
165;Curitiba;CIC;Eletrônica;Presencial;35;Noturno;Segunda a Sexta-feira;18h30 - 22h30;24;2025/08/04;2025-04-14;2025-06-16 14:43:52.118733;2025-06-16 14:43:52.118734;Rua Senador Accioly Filho 298 CEP: 81310-000 Curitiba - PR
166;Curitiba;CIC;Eletrotécnica;EAD;35;Noturno;Sexta e Terça-feira;18h30 - 22h30;24;2025/08/04;2025-04-14;2025-06-16 14:43:52.119733;2025-06-16 14:43:52.119733;Rua Senador Accioly Filho 298 CEP: 81310-000 Curitiba - PR
167;Curitiba;CIC;Eletrotécnica;Presencial;35;Noturno;Segunda a Sexta-feira;18h30 - 22h30;24;2025/08/04;2025-04-14;2025-06-16 14:43:52.120759;2025-06-16 14:43:52.120760;Rua Senador Accioly Filho 298 CEP: 81310-000 Curitiba - PR
168;Curitiba;CIC;Logística;Presencial;35;Noturno;Segunda a Sexta-feira;18h30 - 22h30;18;2025/08/04;2025-04-14;2025-06-16 14:43:52.121779;2025-06-16 14:43:52.121780;Rua Senador Accioly Filho 298 CEP: 81310-000 Curitiba - PR
169;Curitiba;CIC;Mecânica;EAD;35;Noturno;Quarta-feira;18h30 - 22h30;24;2025/08/04;2025-04-14;2025-06-16 14:43:52.122786;2025-06-16 14:43:52.122786;Rua Senador Accioly Filho 298 CEP: 81310-000 Curitiba - PR
170;Curitiba;CIC;Mecânica;Presencial;35;Matutino;Segunda a Sexta-feira;08h00 - 12h00;24;2025/08/04;2025-04-14;2025-06-16 14:43:52.123917;2025-06-16 14:43:52.123918;Rua Senador Accioly Filho 298 CEP: 81310-000 Curitiba - PR
171;Curitiba;CIC;Mecânica;Presencial;35;Noturno;Segunda a Sexta-feira;18h30 - 22h30;24;2025/08/04;2025-04-14;2025-06-16 14:43:52.125374;2025-06-16 14:43:52.125376;Rua Senador Accioly Filho 298 CEP: 81310-000 Curitiba - PR
172;Curitiba;CIC;Mecatrônica;EAD;35;Noturno;Segunda e Quarta-feira;18h30 - 22h30;24;2025/08/04;2025-04-14;2025-06-16 14:43:52.126755;2025-06-16 14:43:52.126756;Rua Senador Accioly Filho 298 CEP: 81310-000 Curitiba - PR
173;Curitiba;CIC;Mecatrônica;Presencial;35;Matutino;Segunda a Sexta-feira;08h00 - 12h00;24;2025/08/04;2025-04-14;2025-06-16 14:43:52.127908;2025-06-16 14:43:52.127909;Rua Senador Accioly Filho 298 CEP: 81310-000 Curitiba - PR
174;Curitiba;CIC;Mecatrônica;Presencial;35;Noturno;Segunda a Sexta-feira;18h30 - 22h30;24;2025/08/04;2025-04-14;2025-06-16 14:43:52.128966;2025-06-16 14:43:52.128967;Rua Senador Accioly Filho 298 CEP: 81310-000 Curitiba - PR
175;Curitiba;CIC;Química;EAD;35;Noturno;Quarta e Sexta-feira;18h30 - 22h30;24;2025/08/04;2025-04-14;2025-06-16 14:43:52.130035;2025-06-16 14:43:52.130036;Rua Senador Accioly Filho 298 CEP: 81310-000 Curitiba - PR
176;RMC - Curitiba;Colombo;Eletrotécnica;EAD;35;Noturno;Segunda a Sexta-feira;18h30 - 22h30;24;2025/08/04;2025-04-14;2025-06-16 14:43:52.131059;2025-06-16 14:43:52.131060;Av Pref João Batista Stocco 256 - Guaraituba Colombo - PR
177;RMC - Curitiba;Colombo;Mineração;EAD;35;Integral;Sábado;08h00 - 17h00;24;2025/08/04;2025-04-14;2025-06-16 14:43:52.132082;2025-06-16 14:43:52.132083;Av Pref João Batista Stocco 256 - Guaraituba Colombo - PR
178;RMC - Curitiba;Colombo;Química;EAD;35;Integral;Sábado;08h00 - 17h00;24;2025/08/04;2025-04-14;2025-06-16 14:43:52.133088;2025-06-16 14:43:52.133088;Av Pref João Batista Stocco 256 - Guaraituba Colombo - PR
179;Sudoeste;Dois Vizinhos;Automação Industrial;Presencial;35;Noturno;Segunda a Sexta-feira;18h30 - 22h30;24;2025/08/04;2025-04-14;2025-06-16 14:43:52.134101;2025-06-16 14:43:52.134102;Rua Pedro Alvares Cabral 905 CEP: 85660-000 Dois Vizinhos - PR
180;Curitiba;Centro - Curitiba;Automação Industrial;EAD;35;Noturno;Terça-feira;18h30 - 22h30;24;2025/08/04;2025-04-14;2025-06-16 14:43:52.135102;2025-06-16 14:43:52.135103;Rua Senador Accioly Filho 298 CEP: 81310-000 Curitiba - PR
181;Curitiba;Centro - Curitiba;Desenvolvimento de Sistemas;EAD;35;Noturno;Segunda a Sexta-feira;18h30 - 22h30;18;2025/08/04;2025-04-14;2025-06-16 14:43:52.136122;2025-06-16 14:43:52.136123;Rua Senador Accioly Filho 298 CEP: 81310-000 Curitiba - PR
182;Curitiba;Centro - Curitiba;Desenvolvimento de Sistemas;Presencial;35;Vespertino;Segunda a Sexta-feira;13h30 - 17h30;18;2025/08/04;2025-04-14;2025-06-16 14:43:52.137149;2025-06-16 14:43:52.137150;Rua Senador Accioly Filho 298 CEP: 81310-000 Curitiba - PR
183;Curitiba;Centro - Curitiba;Desenvolvimento de Sistemas;Presencial;35;Noturno;Segunda a Sexta-feira;18h30 - 22h30;18;2025/08/04;2025-04-14;2025-06-16 14:43:52.138179;2025-06-16 14:43:52.138180;Rua Senador Accioly Filho 298 CEP: 81310-000 Curitiba - PR
184;Curitiba;Centro - Curitiba;Qualidade;EAD;35;Noturno;Segunda-feira;18h30 - 22h30;18;2025/08/04;2025-04-14;2025-06-16 14:43:52.139205;2025-06-16 14:43:52.139206;Rua Senador Accioly Filho 298 CEP: 81310-000 Curitiba - PR
185;Norte;Londrina;Desenvolvimento de Sistemas;EAD;35;Noturno;Quarta-feira;19h00 - 23h00;18;2025/08/04;2025-04-14;2025-06-16 14:43:52.140284;2025-06-16 14:43:52.140285;Rua Belém 844 CEP: 86026-040 Londrina - PR
186;Oeste;Foz do Iguaçu;Eletrotécnica;EAD;35;Noturno;Segunda e Sexta-feira;19h00 - 23h00;24;2025/08/04;2025-04-14;2025-06-16 14:43:52.141404;2025-06-16 14:43:52.141405;Rua Perdigão 58 CEP: 85866-460 Foz do Iguaçu - PR
187;Sudoeste;Francisco Beltrão;Manutenção Automotiva;EAD;35;Noturno;Quinta e Sexta-feira;18h30 - 22h30;24;2025/08/04;2025-04-14;2025-06-16 14:43:52.142523;2025-06-16 14:43:52.142524;Rua União da Vitoria 66 CEP: 85605-586 Francisco Beltrão - PR
188;Campos Gerais;Guarapuava;Automação Industrial;EAD;35;Integral;Sábado;08h00 - 17h00;24;2025/08/04;2025-04-14;2025-06-16 14:43:52.143584;2025-06-16 14:43:52.143585;Rua Coronel Lustosa 1736 CEP: 85015-340 Guarapuava - PR
189;Campos Gerais;Guarapuava;Automação Industrial;Presencial;35;Noturno;Segunda a Sexta-feira;18h30 - 22h30;24;2025/08/04;2025-04-14;2025-06-16 14:43:52.145029;2025-06-16 14:43:52.145030;Rua Coronel Lustosa 1736 CEP: 85015-340 Guarapuava - PR
190;Campos Gerais;Guarapuava;Automação Industrial;EAD;35;Noturno;Terça e Quinta-feira;18h30 - 22h30;24;2025/08/04;2025-04-14;2025-06-16 14:43:52.146210;2025-06-16 14:43:52.146211;Rua Coronel Lustosa 1736 CEP: 85015-340 Guarapuava - PR
191;Campos Gerais;Guarapuava;Automação Industrial;EAD;35;Noturno;Segunda e Quarta-feira;18h30 - 22h30;24;2025/08/04;2025-04-14;2025-06-16 14:43:52.147261;2025-06-16 14:43:52.147262;Rua Coronel Lustosa 1736 CEP: 85015-340 Guarapuava - PR
192;Campos Gerais;Guarapuava;Desenvolvimento de Sistemas;EAD;35;Integral;Sábado;08h00 - 17h00;18;2025/08/04;2025-04-14;2025-06-16 14:43:52.148545;2025-06-16 14:43:52.148546;Rua Coronel Lustosa 1736 CEP: 85015-340 Guarapuava - PR
193;Campos Gerais;Guarapuava;Eletromecânica;EAD;35;Integral;Sábado;08h00 - 17h00;24;2025/08/04;2025-04-14;2025-06-16 14:43:52.149577;2025-06-16 14:43:52.149578;Rua Coronel Lustosa 1736 CEP: 85015-340 Guarapuava - PR
194;Campos Gerais;Guarapuava;Eletrotécnica;Presencial;35;Noturno;Segunda a Sexta-feira;18h30 - 22h30;24;2025/08/04;2025-04-14;2025-06-16 14:43:52.150570;2025-06-16 14:43:52.150571;Rua Coronel Lustosa 1736 CEP: 85015-340 Guarapuava - PR
195;Campos Gerais;Irati;Segurança do Trabalho;EAD;35;Integral;Sábado;08h00 - 17h00;24;2025/08/04;2025-04-14;2025-06-16 14:43:52.151574;2025-06-16 14:43:52.151575;Rua Coronel Emilio Gomes 3 CEP: 84500-000 Irati - PR
196;Campos Gerais;Jaguariaíva;Eletrotécnica;Presencial;35;Noturno;Segunda a Sexta-feira;18h30 - 22h30;24;2025/08/04;2025-04-14;2025-06-16 14:43:52.152577;2025-06-16 14:43:52.152578;Rua Raul Pinto de Castilho Snº CEP: 84200-000 Jaguariaíva - PR
197;Norte;Londrina;Eletromecânica;EAD;35;Noturno;Terça-feira;19h00 - 23h00;24;2025/08/04;2025-04-14;2025-06-16 14:43:52.153587;2025-06-16 14:43:52.153588;Rua Belém 844 CEP: 86026-040 Londrina - PR
198;Norte;Londrina;Eletrotécnica;Presencial;35;Noturno;Segunda e Quarta-feira;19h00 - 23h00;18;2025/08/04;2025-04-14;2025-06-16 14:43:52.154572;2025-06-16 14:43:52.154573;Rua Belém 844 CEP: 86026-040 Londrina - PR
199;Norte;Londrina;Segurança do Trabalho;EAD;35;Noturno;Terça-feira;19h00 - 23h00;24;2025/08/04;2025-04-14;2025-06-16 14:43:52.155571;2025-06-16 14:43:52.155572;Rua Belém 844 CEP: 86026-040 Londrina - PR
200;Norte;Londrina;Manutenção Automotiva;EAD;35;Noturno;Segunda e Terça-feira;19h00 - 23h00;24;2025/08/04;2025-04-14;2025-06-16 14:43:52.156715;2025-06-16 14:43:52.156716;Rua Belém 844 CEP: 86026-040 Londrina - PR
201;Oeste;Marechal Cândido Rondon;Alimentos;EAD;35;Noturno;Segunda a Sexta-feira;18h45 - 22h45;24;2025/08/04;2025-04-14;2025-06-16 14:43:52.157925;2025-06-16 14:43:52.157926;Av. Rio Grande do Sul - 3085 - Parque Industrial II
202;Oeste;Marechal Cândido Rondon;Eletromecânica;Presencial;35;Noturno;Segunda a Sexta-feira;18h45 - 22h45;24;2025/08/04;2025-04-14;2025-06-16 14:43:52.158980;2025-06-16 14:43:52.158981;Av. Rio Grande do Sul - 3085 - Parque Industrial II
203;Noroeste;Maringá - CTM;Desenvolvimento de Sistemas;EAD;35;Noturno;Terça-feira;19h00 - 23h00;18;2025/08/04;2025-04-14;2025-06-16 14:43:52.160019;2025-06-16 14:43:52.160020;Rua Jose Correia De Aguiar 361 CEP: 87053-276 Maringá - PR
204;Noroeste;Maringá - CTM;Eletromecânica;EAD;35;Noturno;Quarta-feira;19h00 - 23h00;24;2025/08/04;2025-04-14;2025-06-16 14:43:52.161037;2025-06-16 14:43:52.161037;Rua Jose Correia De Aguiar 361 CEP: 87053-276 Maringá - PR
205;Noroeste;Maringá - CTM;Eletrotécnica;EAD;35;Integral;Sábado;08h00 - 17h00;24;2025/08/04;2025-04-14;2025-06-16 14:43:52.162044;2025-06-16 14:43:52.162045;Rua Jose Correia De Aguiar 361 CEP: 87053-276 Maringá - PR
206;Noroeste;Maringá;Edificações;EAD;35;Integral;Sábado;08h00 - 17h00;24;2025/08/04;2025-04-14;2025-06-16 14:43:52.163043;2025-06-16 14:43:52.163044;Rua Jose Correia De Aguiar 361 CEP: 87053-276 Maringá - PR
207;Noroeste;Maringá;Manutenção Automotiva;EAD;35;Noturno;Terça e Quarta-feira;19h00 - 23h00;24;2025/08/04;2025-04-14;2025-06-16 14:43:52.164069;2025-06-16 14:43:52.164070;Rua Jose Correia De Aguiar 361 CEP: 87053-276 Maringá - PR
208;Noroeste;Maringá;Química;EAD;35;Noturno;Quarta-feira;19h00 - 23h10;24;2025/08/04;2025-04-14;2025-06-16 14:43:52.165093;2025-06-16 14:43:52.165094;Rua Jose Correia De Aguiar 361 CEP: 87053-276 Maringá - PR
209;Oeste;Medianeira;Automação Industrial;EAD;35;Noturno;Quarta e Quinta-feira;18h30 - 22h30;24;2025/08/04;2025-04-14;2025-06-16 14:43:52.166111;2025-06-16 14:43:52.166112;Av Brasília 675 - Condá 85884-000 Medianeira - PR
210;Sudoeste;Palmas;Qualidade;EAD;35;Noturno;Terça-feira;18h30 - 22h30;18;2025/08/04;2025-04-14;2025-06-16 14:43:52.167118;2025-06-16 14:43:52.167119;Rua Marechal Deodoro Snº CEP: 85555-000 Palmas - PR
211;RMC - Curitiba;Paranaguá;Eletromecânica;EAD;35;Noturno;Segunda;18h30 - 22h30;24;2025/08/04;2025-04-14;2025-06-16 14:43:52.168133;2025-06-16 14:43:52.168134;Rua Presidente Washington Luiz 1189 CEP: 83221-052 Paranaguá - PR
212;RMC - Curitiba;Paranaguá;Eletromecânica;Presencial;35;Noturno;Segunda a Sexta-feira;18h30 - 22h30;24;2025/08/04;2025-04-14;2025-06-16 14:43:52.169151;2025-06-16 14:43:52.169151;Rua Presidente Washington Luiz 1189 CEP: 83221-052 Paranaguá - PR
213;RMC - Curitiba;Paranaguá;Eletrotécnica;Presencial;35;Noturno;Segunda a Sexta-feira;18h30 - 22h30;24;2025/08/04;2025-04-14;2025-06-16 14:43:52.170163;2025-06-16 14:43:52.170164;Rua Presidente Washington Luiz 1189 CEP: 83221-052 Paranaguá - PR
214;RMC - Curitiba;Paranaguá;Segurança do Trabalho;EAD;35;Noturno;Terça-feira;18h30 - 22h30;24;2025/08/04;2025-04-14;2025-06-16 14:43:52.171194;2025-06-16 14:43:52.171195;Rua Presidente Washington Luiz 1189 CEP: 83221-052 Paranaguá - PR
215;RMC - Curitiba;Paranaguá;Química;EAD;35;Noturno;Quarta-feira;18h30 - 22h30;24;2025/08/04;2025-04-14;2025-06-16 14:43:52.172217;2025-06-16 14:43:52.172218;Rua Presidente Washington Luiz 1189 CEP: 83221-052 Paranaguá - PR
216;Noroeste;Paranavaí;Eletrotécnica;EAD;35;Integral;Sábado;08h00 - 17h00;24;2025/08/04;2025-04-14;2025-06-16 14:43:52.173309;2025-06-16 14:43:52.173310;Rua José Virgílio Fernandes Snº CEP: 87706-360 Paranavaí - PR
217;Noroeste;Paranavaí;Eletromecânica;EAD;35;Noturno;Quinta-feira;19h00 - 23h00;24;2025/08/04;2025-04-14;2025-06-16 14:43:52.174391;2025-06-16 14:43:52.174392;Rua José Virgílio Fernandes Snº CEP: 87706-360 Paranavaí - PR
218;Noroeste;Paranavaí;Automação Industrial;EAD;35;Noturno;Segunda-feira;19h00 - 23h00;24;2025/08/04;2025-04-14;2025-06-16 14:43:52.175495;2025-06-16 14:43:52.175496;Rua José Virgílio Fernandes Snº CEP: 87706-360 Paranavaí - PR
219;Sudoeste;Pato Branco;Automação Industrial;Presencial;35;Noturno;Segunda a Sexta-feira;18h30 - 22h30;24;2025/08/04;2025-04-14;2025-06-16 14:43:52.176528;2025-06-16 14:43:52.176529;Rua Xingu 833 CEP: 85502-090 Pato Branco - PR
220;Sudoeste;Pato Branco;Qualidade;EAD;35;Noturno;Quinta-feira;18h30 - 22h30;24;2025/08/04;2025-04-14;2025-06-16 14:43:52.177579;2025-06-16 14:43:52.177580;Rua Xingu 833 CEP: 85502-090 Pato Branco - PR
221;Sudoeste;Pato Branco;Segurança do Trabalho;EAD;35;Matutino;Sábado;08h00 - 17h00;24;2025/08/04;2025-04-14;2025-06-16 14:43:52.178592;2025-06-16 14:43:52.178593;Rua Xingu 833 CEP: 85502-090 Pato Branco - PR
222;Sudoeste;Pato Branco;Logística;Presencial;35;Matutino;Segunda a Sexta-feira;18h30 - 22h30;24;2025/08/04;2025-04-14;2025-06-16 14:43:52.179617;2025-06-16 14:43:52.179618;Rua Xingu 833 CEP: 85502-090 Pato Branco - PR
223;RMC - Curitiba;Pinhais;Administração;EAD;35;Noturno;Quarta-feira;18h30 - 22h30;12 ;2025/08/04;2025-04-14;2025-06-16 14:43:52.180621;2025-06-16 14:43:52.180622;Avenida Ayrton Senna da Silva 2650 CEP: 83323-290 Pinhais - PR
224;RMC - Curitiba;Pinhais;Automação Industrial;EAD;35;Noturno;Segunda a Sexta-feira;18h30 - 22h30;24;2025/08/04;2025-04-14;2025-06-16 14:43:52.181641;2025-06-16 14:43:52.181641;Avenida Ayrton Senna da Silva 2650 CEP: 83323-290 Pinhais - PR
225;RMC - Curitiba;Pinhais;Eletromecânica;EAD;35;Integral;Sábado;08h00 - 17h00;24;2025/08/04;2025-04-14;2025-06-16 14:43:52.182648;2025-06-16 14:43:52.182649;Avenida Ayrton Senna da Silva 2650 CEP: 83323-290 Pinhais - PR
226;RMC - Curitiba;Pinhais;Eletrotécnica;EAD;35;Noturno;Quinta-feira;18h30 - 22h30;24;2025/08/04;2025-04-14;2025-06-16 14:43:52.183680;2025-06-16 14:43:52.183681;Avenida Ayrton Senna da Silva 2650 CEP: 83323-290 Pinhais - PR
227;RMC - Curitiba;Pinhais;Mecânica;EAD;35;Noturno;Terça-feira;18h30 - 22h30;24;2025/08/04;2025-04-14;2025-06-16 14:43:52.184712;2025-06-16 14:43:52.184713;Avenida Ayrton Senna da Silva 2650 CEP: 83323-290 Pinhais - PR
228;Campos Gerais;Ponta Grossa;Desenvolvimento de Sistemas;EAD;35;Noturno;Quarta-feira;18h30 - 22h30;18;2025/08/04;2025-04-14;2025-06-16 14:43:52.185743;2025-06-16 14:43:52.185744;Rua Joaquim De Paula Xavier 1050 CEP: 84050-000 Ponta Grossa - PR
229;RMC - Curitiba;São José dos Pinhais;Automação Industrial;EAD;35;Integral;Sábado;08h00 - 17h00;24;2025/04/08;2025-04-14;2025-06-23 14:50:55.790964;2025-06-23 14:50:55.790968;Av Rui Barbosa - 5881 - Afonso Pena - 83045-350 - São José dos Pinhais - PR
230;RMC - Curitiba;São José dos Pinhais;Eletromecânica;EAD;35;Noturno;Quinta-feira;18h30 - 22h30;24;2025/04/08;2025-04-14;2025-06-23 14:50:55.794625;2025-06-23 14:50:55.794628;Av Rui Barbosa - 5881 - Afonso Pena - 83045-350 - São José dos Pinhais - PR
231;RMC - Curitiba;São José dos Pinhais;Mecânica;Presencial;35;Noturno;Segunda a Sexta-feira;18h30 - 22h30;24;2025/04/08;2025-04-14;2025-06-23 14:50:55.796001;2025-06-23 14:50:55.796004;Av Rui Barbosa - 5881 - Afonso Pena - 83045-350 - São José dos Pinhais - PR
232;RMC - Curitiba;São José dos Pinhais;Mecatrânica;Presencial;35;Noturno;Segunda a Sexta-feira;18h30 - 22h30;24;2025/04/08;2025-04-14;2025-06-23 14:50:55.797312;2025-06-23 14:50:55.797315;Av Rui Barbosa - 5881 - Afonso Pena - 83045-350 - São José dos Pinhais - PR
233;Sudoeste;Ampére;Automação Industrial;EAD;25;Noturno;Terça e Quarta -feira;18h30 - 22h30;24;2025/04/08;2025-04-14;2025-06-23 14:50:55.798708;2025-06-23 14:50:55.798710;Rua Erechim 383 - Bairro Rondinha - CEP:85640-000 - Ampére - PR
234;Norte;Apucarana;Eletromecânica;EAD;35;Noturno;Terça-feira;19h00 - 23h00;24;2025/04/08;2025-04-14;2025-06-23 14:50:55.800002;2025-06-23 14:50:55.800004;Avenida Aviação - 1851 - 86812-500 - Apucarana - PR
235;Norte;Apucarana;Eletrotécnica;EAD;35;Noturno;Quarta e Sexta-feira;19h00 - 23h00;24;2025/04/08;2025-04-14;2025-06-23 14:50:55.801307;2025-06-23 14:50:55.801309;Avenida Aviação - 1851 - 86812-500 - Apucarana - PR
236;Norte;Apucarana II;Desenvolvimento de Sistemas;EAD;30;Noturno;Terça-feira;19h00 - 23h00;24;2025/04/08;2025-04-14;2025-06-23 14:50:55.802499;2025-06-23 14:50:55.802501;Avenida Aviação - 1851 - 86812-500 - Apucarana - PR
237;Norte;Arapongas;Automação Industrial;EAD;30;Noturno;Quinta-feira;18h50 - 22h50;24;2025/04/08;2025-04-14;2025-06-23 14:50:55.804144;2025-06-23 14:50:55.804149;Rua Guaratinga - 2247 - Parque Industrial II - 86703-010 - Arapongas - PR
238;Norte;Arapongas;Eletrotécnica;EAD;30;Noturno;Terça e Quinta-feira;18h50 - 22h50;24;2025/04/08;2025-04-14;2025-06-23 14:50:55.806088;2025-06-23 14:50:55.806090;Rua Guaratinga - 2247 - Parque Industrial II - 86703-010 - Arapongas - PR
239;Norte;Arapongas;Segurança do Trabalho;EAD;30;Noturno;Segunda a Sexta-feira;18h50 - 22h50;24;2025/04/08;2025-04-14;2025-06-23 14:50:55.807488;2025-06-23 14:50:55.807491;Rua Guaratinga - 2247 - Parque Industrial II - 86703-010 - Arapongas - PR
240;Curitiba;Boqueirão;Administração;EAD;40;Noturno;Quarta e Quinta-feira;18h30 - 22h30;12;2025/04/08;2025-04-14;2025-06-23 14:50:55.808943;2025-06-23 14:50:55.808947;Avenida Comendador Franco - 1341 - 80215-090 - Curitiba - PR
241;Curitiba;Boqueirão;Administração;EAD;40;Vespertino;Quarta e Quinta-feira;13h15 - 17h15;12;2025/04/08;2025-04-14;2025-06-23 14:50:55.810482;2025-06-23 14:50:55.810485;Avenida Comendador Franco - 1341 - 80215-090 - Curitiba - PR
242;Curitiba;Boqueirão;Manutenção Automotiva;Presencial;40;Matutino;Segunda a Sexta-feira;08h00 - 12h00;24;2025/04/08;2025-04-14;2025-06-23 14:50:55.811767;2025-06-23 14:50:55.811769;Avenida Comendador Franco - 1341 - 80215-090 - Curitiba - PR
243;Curitiba;Boqueirão;Manutenção Automotiva;Presencial;40;Noturno;Segunda a Sexta-feira;18h30 - 22h30;24;2025/04/08;2025-04-14;2025-06-23 14:50:55.812995;2025-06-23 14:50:55.812997;Avenida Comendador Franco - 1341 - 80215-090 - Curitiba - PR
244;Curitiba;Boqueirão;Manutenção Automotiva;EAD;40;Noturno;Quinta e Sexta-feira;18h30 - 22h30;24;2025/04/08;2025-04-14;2025-06-23 14:50:55.814164;2025-06-23 14:50:55.814167;Avenida Comendador Franco - 1341 - 80215-090 - Curitiba - PR
245;RMC - Curitiba;Campo Largo;Administração;EAD;42;Noturno;Quarta e Quinta-feira;18h45 -22h45;12;2025/04/08;2025-04-14;2025-06-23 14:50:55.815431;2025-06-23 14:50:55.815435;Avenida Padre Natal Pigatto - 2027 - 83607-240 - Campo Largo - PR
246;RMC - Curitiba;Campo Largo;Mecânica;EAD;42;Noturno;Quinta e Sexta-feira;18h45 -22h45;24;2025/04/08;2025-04-14;2025-06-23 14:50:55.816767;2025-06-23 14:50:55.816769;Avenida Padre Natal Pigatto - 2027 - 83607-240 - Campo Largo - PR
247;RMC - Curitiba;Campo Largo;Segurança do Trabalho;EAD;42;Noturno;Terça e Sexta-feira;18h45 -22h45;24;2025/04/08;2025-04-14;2025-06-23 14:50:55.817988;2025-06-23 14:50:55.817990;Avenida Padre Natal Pigatto - 2027 - 83607-240 - Campo Largo - PR
248;Noroeste;Campo Mourão;Automação Industrial;EAD;25;Noturno;Quinta-feira;19h00 - 23h00;24;2025/04/08;1923.7;2025-06-23 14:50:55.819142;2025-06-23 14:50:55.819144;Via do trabalhador - 895 - Parque Industrial Augusto Tezelli Filho - Campo Mourão - PR
249;Noroeste;Campo Mourão;Eletrônica;EAD;25;Noturno;Quinta-feira;19h00 - 23h00;24;2025/04/08;2025-04-14;2025-06-23 14:50:55.820599;2025-06-23 14:50:55.820602;Via do trabalhador - 895 - Parque Industrial Augusto Tezelli Filho - Campo Mourão - PR
250;Curitiba;Campus da Indústria;Desenvolvimento de Sistemas;Presencial;38;Vespertino;Segunda a Sexta-feira;13h30 - 17h30;18;2025/04/08;2025-04-14;2025-06-23 14:50:55.822012;2025-06-23 14:50:55.822015;Avenida Comendador Franco - 1341 - 80215-090 - Curitiba - PR
251;Curitiba;Campus da Indústria;Desenvolvimento de Sistemas;Presencial;38;Noturno;Segunda a Sexta-feira;18h30 - 22h30;18;2025/04/08;2025-04-14;2025-06-23 14:50:55.823361;2025-06-23 14:50:55.823364;Avenida Comendador Franco - 1341 - 80215-090 - Curitiba - PR
252;Curitiba;Campus da Indústria;Edificações;EAD;35;Vespertino;Quinta-feira;13h30 - 17h30;24;2025/04/08;2025-04-14;2025-06-23 14:50:55.825029;2025-06-23 14:50:55.825033;Avenida Comendador Franco - 1341 - 80215-090 - Curitiba - PR
253;Curitiba;Campus da Indústria;Edificações;EAD;35;Noturno;Quinta-feira;18h30 - 22h30;24;2025/04/08;2025-04-14;2025-06-23 14:50:55.827059;2025-06-23 14:50:55.827062;Avenida Comendador Franco - 1341 - 80215-090 - Curitiba - PR
254;Curitiba;Campus da Indústria;Qualidade;EAD;33;Noturno;Terça-feira;18h30 - 22h30;18;2025/04/08;2025-04-14;2025-06-23 14:50:55.828536;2025-06-23 14:50:55.828539;Avenida Comendador Franco - 1341 - 80215-090 - Curitiba - PR
255;Curitiba;Campus da Indústria;Segurança do Trabalho;EAD;35;Matutino;Terça-feira;08h00 - 12h00;24;2025/04/08;2025-04-14;2025-06-23 14:50:55.829869;2025-06-23 14:50:55.829872;Avenida Comendador Franco - 1341 - 80215-090 - Curitiba - PR
256;Curitiba;Campus da Indústria;Segurança do Trabalho;EAD;35;Noturno;Terça-feira;18h30 - 22h30;24;2025/04/08;2025-04-14;2025-06-23 14:50:55.831228;2025-06-23 14:50:55.831230;Avenida Comendador Franco - 1341 - 80215-090 - Curitiba - PR
257;Curitiba;Campus da Indústria;Vestuário;EAD;30;Matutino;Sexta-feira;08h00 - 12h00;24;2025/04/08;2025-04-14;2025-06-23 14:50:55.832562;2025-06-23 14:50:55.832564;Avenida Comendador Franco - 1341 - 80215-090 - Curitiba - PR
258;Oeste;Cascavel;Eletromecânica;EAD;35;Noturno;Sexta-feira;19h00 - 23h10;24;2025/04/08;2025-04-14;2025-06-23 14:50:55.833920;2025-06-23 14:50:55.833922;Rua Heitor Stockler De França - 161 - 85819-760 - Cascavel - PR
259;Oeste;Cascavel;Eletromecânica;EAD;35;Noturno;Quarta e Sexta-feira;19h00 - 23h00;24;2025/04/08;2025-04-14;2025-06-23 14:50:55.835232;2025-06-23 14:50:55.835234;Rua Heitor Stockler De França - 161 - 85819-760 - Cascavel - PR
260;Noroeste;Cianorte;Automação Industrial;EAD;30;Noturno;Terça-feira;19h00 - 23h00;24;2025/04/08;2025-04-14;2025-06-23 14:50:55.836504;2025-06-23 14:50:55.836507;Travessa Um - 63 - 87207-034 - Cianorte - PR
261;Noroeste;Cianorte;Eletromecânica;EAD;30;Noturno;Terça-feira;19h00 - 23h00;24;2025/04/08;2025-04-14;2025-06-23 14:50:55.838509;2025-06-23 14:50:55.838513;Travessa Um - 63 - 87207-034 - Cianorte - PR
262;Noroeste;Cianorte;Eletromecânica;EAD;30;Noturno;Segunda e Terça-feira;19h00 - 23h00;24;2025/04/08;2025-04-14;2025-06-23 14:50:55.839825;2025-06-23 14:50:55.839828;Travessa Um - 63 - 87207-034 - Cianorte - PR
263;Noroeste;Cianorte;Eletromecânica;Presencial;30;Noturno;Segunda a Sexta-feira;19h00 - 23h00;24;2025/04/08;2025-04-14;2025-06-23 14:50:55.841301;2025-06-23 14:50:55.841348;Travessa Um - 63 - 87207-034 - Cianorte - PR
264;Noroeste;Cianorte;Segurança do Trabalho;EAD;30;Noturno;Quarta-feira;19h00 - 23h00;24;2025/04/08;2025-04-14;2025-06-23 14:50:55.843336;2025-06-23 14:50:55.843339;Travessa Um - 63 - 87207-034 - Cianorte - PR
265;Curitiba;CIC;Alimentos;EAD;35;Noturno;Terça e Quinta-feira;18h30 - 22h30;24;2025/04/08;2025-04-14;2025-06-23 14:50:55.844695;2025-06-23 14:50:55.844697;Rua Senador Accioly Filho - 298 - 81310-000 - Curitiba - PR
266;Curitiba;CIC;Biotecnologia;EAD;35;Noturno;Segunda e Quarta-feira;18h30 - 22h30;24;2025/04/08;2025-04-14;2025-06-23 14:50:55.845957;2025-06-23 14:50:55.845959;Rua Senador Accioly Filho - 298 - 81310-000 - Curitiba - PR
267;Curitiba;CIC;Desenvolvimento de Sistemas;Presencial;35;Vespertino;Segunda a Sexta-feira;13h30 - 17h30;18;2025/04/08;2025-04-14;2025-06-23 14:50:55.847419;2025-06-23 14:50:55.847424;Rua Senador Accioly Filho - 298 - 81310-000 - Curitiba - PR
268;Curitiba;CIC;Eletromecânica;EAD;35;Noturno;Terça e Quinta-feira;18h30 - 22h30;24;2025/04/08;2025-04-14;2025-06-23 14:50:55.849777;2025-06-23 14:50:55.849781;Rua Senador Accioly Filho - 298 - 81310-000 - Curitiba - PR
269;Curitiba;CIC;Eletromecânica;Presencial;35;Noturno;Segunda a Sexta-feira;18h30 - 22h30;24;2025/04/08;2025-04-14;2025-06-23 14:50:55.852148;2025-06-23 14:50:55.852153;Rua Senador Accioly Filho - 298 - 81310-000 - Curitiba - PR
270;Curitiba;CIC;Eletrônica;Presencial;35;Noturno;Segunda a Sexta-feira;18h30 - 22h30;24;2025/04/08;2025-04-14;2025-06-23 14:50:55.854538;2025-06-23 14:50:55.854542;Rua Senador Accioly Filho - 298 - 81310-000 - Curitiba - PR
271;Curitiba;CIC;Eletromecânica;EAD;35;Noturno;Sexta e Terça-feira;18h30 - 22h30;24;2025/04/08;2025-04-14;2025-06-23 14:50:55.856979;2025-06-23 14:50:55.856984;Rua Senador Accioly Filho - 298 - 81310-000 - Curitiba - PR
272;Curitiba;CIC;Eletromecânica;Presencial;35;Noturno;Segunda a Sexta-feira;18h30 - 22h30;24;2025/04/08;2025-04-14;2025-06-23 14:50:55.859524;2025-06-23 14:50:55.859529;Rua Senador Accioly Filho - 298 - 81310-000 - Curitiba - PR
273;Curitiba;CIC;Logística;Presencial;35;Noturno;Segunda a Sexta-feira;18h30 - 22h30;18;2025/04/08;2025-04-14;2025-06-23 14:50:55.861340;2025-06-23 14:50:55.861343;Rua Senador Accioly Filho - 298 - 81310-000 - Curitiba - PR
274;Curitiba;CIC;Mecânica;EAD;35;Noturno;Quarta-feira;18h30 - 22h30;24;2025/04/08;2025-04-14;2025-06-23 14:50:55.862732;2025-06-23 14:50:55.862735;Rua Senador Accioly Filho - 298 - 81310-000 - Curitiba - PR
275;Curitiba;CIC;Mecânica;Presencial;35;Matutino;Segunda a Sexta-feira;08h00 - 12h00;24;2025/04/08;2025-04-14;2025-06-23 14:50:55.864218;2025-06-23 14:50:55.864220;Rua Senador Accioly Filho - 298 - 81310-000 - Curitiba - PR
276;Curitiba;CIC;Mecânica;Presencial;35;Noturno;Segunda a Sexta-feira;18h30 - 22h30;24;2025/04/08;2025-04-14;2025-06-23 14:50:55.865896;2025-06-23 14:50:55.865900;Rua Senador Accioly Filho - 298 - 81310-000 - Curitiba - PR
277;Curitiba;CIC;Mecatrônica;EAD;35;Noturno;Segunda e Quarta-feira;18h30 - 22h30;24;2025/04/08;2025-04-14;2025-06-23 14:50:55.867617;2025-06-23 14:50:55.867620;Rua Senador Accioly Filho - 298 - 81310-000 - Curitiba - PR
278;Curitiba;CIC;Mecatrônica;Presencial;35;Matutino;Segunda a Sexta-feira;08h00 - 12h00;24;2025/04/08;2025-04-14;2025-06-23 14:50:55.869052;2025-06-23 14:50:55.869055;Rua Senador Accioly Filho - 298 - 81310-000 - Curitiba - PR
279;Curitiba;CIC;Mecatrônica;Presencial;35;Noturno;Segunda a Sexta-feira;18h30 - 22h30;24;2025/04/08;2025-04-14;2025-06-23 14:50:55.870594;2025-06-23 14:50:55.870600;Rua Senador Accioly Filho - 298 - 81310-000 - Curitiba - PR
280;Curitiba;CIC;Química;EAD;35;Noturno;Quarta e Sexta-feira;18h30 - 22h30;24;2025/04/08;2025-04-14;2025-06-23 14:50:55.873040;2025-06-23 14:50:55.873044;Rua Senador Accioly Filho - 298 - 81310-000 - Curitiba - PR
281;RMC - Curitiba;Colombo;Automação Industrial;EAD;30;Noturno;Quarta-feira;18h30 - 22h30;24;2025/04/08;2025-04-14;2025-06-23 14:50:55.874602;2025-06-23 14:50:55.874605;Av Pref João Batista Stocco - 256 - Guaraituba Colombo - PR
282;RMC - Curitiba;Colombo;Eletromecânica;EAD;30;Noturno;Segunda a Sexta-feira;18h30 - 22h30;24;2025/04/08;2025-04-14;2025-06-23 14:50:55.876679;2025-06-23 14:50:55.876682;Av Pref João Batista Stocco - 256 - Guaraituba Colombo - PR
283;RMC - Curitiba;Colombo;Mineração;EAD;30;Integral;Sábado;08h00 - 17h00;24;2025/04/08;2025-04-14;2025-06-23 14:50:55.878083;2025-06-23 14:50:55.878086;Av Pref João Batista Stocco - 256 - Guaraituba Colombo - PR
284;RMC - Curitiba;Colombo;Química;EAD;30;Integral;Sábado;08h00 - 17h00;24;2025/04/08;2025-04-14;2025-06-23 14:50:55.879342;2025-06-23 14:50:55.879345;Av Pref João Batista Stocco - 256 - Guaraituba Colombo - PR
285;Sudoeste;Dois Vizinhos;Automação Industrial;Presencial;35;Noturno;Segunda a Sexta-feira;18h30 - 22h30;24;2025/04/08;2025-04-14;2025-06-23 14:50:55.880583;2025-06-23 14:50:55.880586;Rua Pedro Alvares Cabral - 905 - 85660-000 - Dois Vizinhos - PR
286;Curitiba;Centro - Curitiba;Desenvolvimento de Sistemas;EAD;40;Noturno;Segunda a Sexta-feira;18h30 - 22h30;18;2025/04/08;2025-04-14;2025-06-23 14:50:55.881998;2025-06-23 14:50:55.882003;R Paula Gomes - 270 - São Francisco - 80510-070 - Curitiba - PR
287;Curitiba;Centro - Curitiba;Desenvolvimento de Sistemas;Presencial;40;Vespertino;Segunda a Sexta-feira;13h30 - 17h30;18;2025/04/08;2025-04-14;2025-06-23 14:50:55.883524;2025-06-23 14:50:55.883526;R Paula Gomes - 270 - São Francisco - 80510-070 - Curitiba - PR
288;Curitiba;Centro - Curitiba;Desenvolvimento de Sistemas;Presencial;40;Noturno;Segunda a Sexta-feira;18h30 - 22h30;18;2025/04/08;2025-04-14;2025-06-23 14:50:55.884756;2025-06-23 14:50:55.884759;R Paula Gomes - 270 - São Francisco - 80510-070 - Curitiba - PR
289;Curitiba;Centro - Curitiba;Qualidade;EAD;40;Noturno;Segunda-feira;18h30 - 22h30;18;2025/04/08;2025-04-14;2025-06-23 14:50:55.886152;2025-06-23 14:50:55.886155;R Paula Gomes - 270 - São Francisco - 80510-070 - Curitiba - PR
290;Norte; Londrina;Desenvolvimento de Sistemas;EAD;30;Noturno;Quarta-feira;19h00 - 23h00;18;2025/04/08;2025-04-14;2025-06-23 14:50:55.888197;2025-06-23 14:50:55.888200;Rua Belém - 844 - 86026-040 - Londrina - PR
291;Oeste;Foz do Iguaçu;Eletromecânica;EAD;35;Noturno;Segunda e Sexta-feira;19h00 - 23h00;24;2025/04/08;2025-04-14;2025-06-23 14:50:55.889635;2025-06-23 14:50:55.889638;Rua Perdigão - 58 - 85866-460 - Foz do Iguaçu - PR
292;Sudoeste;Francisco Beltrão;Manutenção Automotiva;EAD;30;Noturno;Quinta e Sexta-feira;18h30 - 22h30;24;2025/04/08;2025-04-14;2025-06-23 14:50:55.891078;2025-06-23 14:50:55.891080;Rua União da Vitoria - 66 - 85605-586 - Francisco Beltrão - PR
293;Campos Gerais;Guarapuava;Automação Industrial;EAD;30;Integral;Sábado;08h00 - 17h00;24;2025/04/08;2025-04-14;2025-06-23 14:50:55.892379;2025-06-23 14:50:55.892382;Rua Coronel Lustosa - 1736 - 85015-340- Guarapuava - PR
294;Campos Gerais;Guarapuava;Automação Industrial;Presencial;30;Noturno;Segunda a Sexta-feira;18h30 - 22h30;24;2025/04/08;2025-04-14;2025-06-23 14:50:55.893638;2025-06-23 14:50:55.893642;Rua Coronel Lustosa - 1736 - 85015-340- Guarapuava - PR
295;Campos Gerais;Guarapuava;Automação Industrial;EAD;30;Noturno;Terça e Quinta-feira;18h30 - 22h30;24;2025/04/08;2025-04-14;2025-06-23 14:50:55.895440;2025-06-23 14:50:55.895442;Rua Coronel Lustosa - 1736 - 85015-340- Guarapuava - PR
296;Campos Gerais;Guarapuava;Automação Industrial;EAD;30;Noturno;Segunda e Quarta-feira;18h30 - 22h30;24;2025/04/08;2025-04-14;2025-06-23 14:50:55.896641;2025-06-23 14:50:55.896644;Rua Coronel Lustosa - 1736 - 85015-340- Guarapuava - PR
297;Campos Gerais;Guarapuava;Desenvolvimento de Sistemas;EAD;30;Integral;Sábado;08h00 - 17h00;18;2025/04/08;2025-04-14;2025-06-23 14:50:55.897869;2025-06-23 14:50:55.897872;Rua Coronel Lustosa - 1736 - 85015-340- Guarapuava - PR
298;Campos Gerais;Guarapuava;Eletromecânica;EAD;30;Integral;Sábado;08h00 - 17h00;24;2025/04/08;2025-04-14;2025-06-23 14:50:55.899020;2025-06-23 14:50:55.899023;Rua Coronel Lustosa - 1736 - 85015-340- Guarapuava - PR
299;Campos Gerais;Guarapuava;Eletromecânica;Presencial;30;Noturno;Segunda a Sexta-feira;18h30 - 22h30;24;2025/04/08;2025-04-14;2025-06-23 14:50:55.900143;2025-06-23 14:50:55.900146;Rua Coronel Lustosa - 1736 - 85015-340- Guarapuava - PR
300;Campos Gerais;Guarapuava;Eletromecânica;Presencial;30;Noturno;Segunda a Sexta-feira;18h30 - 22h30;24;2025/04/08;2025-04-14;2025-06-23 14:50:55.901264;2025-06-23 14:50:55.901266;Rua Coronel Lustosa - 1736 - 85015-340- Guarapuava - PR
301;Campos Gerais;Irati;Automação Industrial;EAD;25;Integral;Sábado;08h00 - 17h00;24;2025/04/08;2025-04-14;2025-06-23 14:50:55.902439;2025-06-23 14:50:55.902442;Rua Coronel Emilio Gomes - 3 - 84500-000 - Irati - PR
302;Campos Gerais;Irati;Eletromecânica;EAD;25;Integral;Sábado;08h00 - 17h00;24;2025/04/08;2025-04-14;2025-06-23 14:50:55.903917;2025-06-23 14:50:55.903920;Rua Coronel Emilio Gomes - 3 - 84500-000 - Irati - PR
303;Campos Gerais;Irati;Segurança do Trabalho;EAD;25;Integral;Sábado;08h00 - 17h00;24;2025/04/08;2025-04-14;2025-06-23 14:50:55.905311;2025-06-23 14:50:55.905313;Rua Coronel Emilio Gomes - 3 - 84500-000 - Irati - PR
304;Campos Gerais;Jaguariaíva;Eletromecânica;Presencial;40;Noturno;Segunda a Sexta-feira;18h30 - 22h30;24;2025/04/08;2025-04-14;2025-06-23 14:50:55.906702;2025-06-23 14:50:55.906705;Rua Raul Pinto de Castilho - Sn - 84200-000 - Jaguariaíva - PR
305;Norte;Londrina;Eletromecânica;EAD;30;Noturno;Terça-feira;19h00 - 23h00;24;2025/04/08;2025-04-14;2025-06-23 14:50:55.908339;2025-06-23 14:50:55.908342;Rua Belém - 844 - 86026-040 - Londrina - PR
306;Norte;Londrina;Eletromecânica;Presencial;30;Noturno;Segunda e Quarta-feira;19h00 - 23h00;18;2025/04/08;2025-04-14;2025-06-23 14:50:55.909661;2025-06-23 14:50:55.909663;Rua Belém - 844 - 86026-040 - Londrina - PR
307;Norte;Londrina;Segurança do Trabalho;EAD;30;Noturno;Terça-feira;19h00 - 23h00;24;2025/04/08;2025-04-14;2025-06-23 14:50:55.910912;2025-06-23 14:50:55.910914;Rua Belém - 844 - 86026-040 - Londrina - PR
308;Norte;Londrina;Manutenção Automotiva;EAD;30;Noturno;Segunda e Terça-feira;19h00 - 23h00;24;2025/04/08;2025-04-14;2025-06-23 14:50:55.912079;2025-06-23 14:50:55.912081;Rua Belém - 844 - 86026-040 - Londrina - PR
309;Oeste;Marechal Cândido Rondon;Alimentos;EAD;30;Noturno;Segunda a Sexta-feira;18h45 - 22h45;24;2025/04/08;2025-04-14;2025-06-23 14:50:55.913260;2025-06-23 14:50:55.913263;Avenida Rio Grande do Sul - 3133 - 85960-000 - Marechal Cândido Rondon - PR
310;Oeste;Marechal Cândido Rondon;Eletromecânica;Presencial;30;Noturno;Segunda a Sexta-feira;18h45 - 22h45;24;2025/04/08;2025-04-14;2025-06-23 14:50:55.914463;2025-06-23 14:50:55.914466;Avenida Rio Grande do Sul - 3133 - 85960-000 - Marechal Cândido Rondon - PR
311;Noroeste;Maringá CTM;Desenvolvimento de Sistemas;EAD;35;Noturno;Terça-feira;19h00 - 23h00;18;2025/04/08;2025-04-14;2025-06-23 14:50:55.915691;2025-06-23 14:50:55.915694;Rua Jose Correia De Aguiar - 361 - 87053-276 - Maringá - PR
312;Noroeste;Maringá CTM;Eletromecânica;EAD;35;Noturno;Quarta-feira;19h00 - 23h00;24;2025/04/08;2025-04-14;2025-06-23 14:50:55.916971;2025-06-23 14:50:55.916974;Rua Jose Correia De Aguiar - 361 - 87053-276 - Maringá - PR
313;Noroeste;Maringá CTM;Eletromecânica;EAD;35;Integral;Sábado;08h00 - 17h00;24;2025/04/08;2025-04-14;2025-06-23 14:50:55.918301;2025-06-23 14:50:55.918303;Rua Jose Correia De Aguiar - 361 - 87053-276 - Maringá - PR
314;Noroeste;Maringá Z5;Edificações;EAD;35;Integral;Sábado;08h00 - 17h00;24;2025/04/08;2025-04-14;2025-06-23 14:50:55.919451;2025-06-23 14:50:55.919454;Rua Vereador Nelson Abrao - 80 - Zona 05 - Maringá - PR
315;Noroeste;Maringá Z5;Manutenção Automotiva;EAD;35;Noturno;Terça e Quarta-feira;19h00 - 23h00;24;2025/04/08;2025-04-14;2025-06-23 14:50:55.921119;2025-06-23 14:50:55.921123;Rua Vereador Nelson Abrao - 80 - Zona 05 - Maringá - PR 
316;Noroeste;Maringá Z5;Química;EAD;35;Noturno;Quarta-feira;19h00 - 23h10;24;2025/04/08;2025-04-14;2025-06-23 14:50:55.922500;2025-06-23 14:50:55.922503;Rua Vereador Nelson Abrao - 80 - Zona 05 - Maringá - PR 
317;Oeste;Medianeira;Automação Industrial;EAD;35;Noturno;Quarta e Quinta-feira;18h30 - 22h30;24;2025/04/08;2025-04-14;2025-06-23 14:50:55.923991;2025-06-23 14:50:55.923994;Av Brasília - 675 - Cond - 85884-000 - Medianeira - PR
318;Sudoeste;Palmas;Qualidade;EAD;20;Noturno;Terça-feira;18h30 - 22h30;18;2025/04/08;2025-04-14;2025-06-23 14:50:55.925345;2025-06-23 14:50:55.925348;Rua Marechal Deodoro - s/n - São José - Palmas - PR
319;RMC - Curitiba;Paranaguá;Eletromecânica;EAD;35;Noturno;Segunda;18h30 - 22h30;24;2025/04/08;2025-04-14;2025-06-23 14:50:55.926508;2025-06-23 14:50:55.926510;Rua Washington Luiz - 1189 - Paranaguá - PR
320;RMC - Curitiba;Paranaguá;Eletromecânica;Presencial;35;Noturno;Segunda a Sexta-feira;18h30 - 22h30;24;2025/04/08;2025-04-14;2025-06-23 14:50:55.927729;2025-06-23 14:50:55.927731;Rua Washington Luiz - 1189 - Paranaguá - PR
321;RMC - Curitiba;Paranaguá;Eletromecânica;Presencial;35;Noturno;Segunda a Sexta-feira;18h30 - 22h30;24;2025/04/08;2025-04-14;2025-06-23 14:50:55.929019;2025-06-23 14:50:55.929022;Rua Washington Luiz - 1189 - Paranaguá - PR
322;RMC - Curitiba;Paranaguá;Segurança do Trabalho;EAD;35;Noturno;Terça-feira;18h30 - 22h30;24;2025/04/08;2025-04-14;2025-06-23 14:50:55.930506;2025-06-23 14:50:55.930509;Rua Washington Luiz - 1189 - Paranaguá - PR
323;RMC - Curitiba;Paranaguá;Química;EAD;35;Noturno;Quarta-feira;18h30 - 22h30;24;2025/04/08;2025-04-14;2025-06-23 14:50:55.931952;2025-06-23 14:50:55.931954;Rua Washington Luiz - 1189 - Paranaguá - PR
324;Noroeste;Paranavaí;Eletromecânica;EAD;25;Integral;Sábado;08h00 - 17h00;24;2025/04/08;2025-04-14;2025-06-23 14:50:55.933347;2025-06-23 14:50:55.933351;Rua José Virgílio Fernandes - S/N - Jardim Morumbi - Paranavaí - PR
325;Noroeste;Paranavaí;Eletromecânica;EAD;25;Noturno;Quinta-feira;19h00 - 23h00;24;2025/04/08;2025-04-14;2025-06-23 14:50:55.935214;2025-06-23 14:50:55.935220;Rua José Virgílio Fernandes - S/N - Jardim Morumbi - Paranavaí - PR
326;Noroeste;Paranavaí;Automação Industrial;EAD;25;Noturno;Segunda-feira;19h00 - 23h00;24;2025/04/08;2025-04-14;2025-06-23 14:50:55.938377;2025-06-23 14:50:55.938384;Rua José Virgílio Fernandes - S/N - Jardim Morumbi - Paranavaí - PR
327;Sudoeste;Pato Branco;Automação Industrial;Presencial;35;Noturno;Segunda a Sexta-feira;18h30 - 22h30;24;2025/04/08;2025-04-14;2025-06-23 14:50:55.941559;2025-06-23 14:50:55.941564;Rua Xingu - 833 - Amadori - Pato Branco - PR
328;Sudoeste;Pato Branco;Qualidade;EAD;35;Noturno;Quinta-feira;18h30 - 22h30;24;2025/04/08;2025-04-14;2025-06-23 14:50:55.944265;2025-06-23 14:50:55.944272;Rua Xingu - 833 - Amadori - Pato Branco - PR
329;Sudoeste;Pato Branco;Segurança do Trabalho;EAD;35;Matutino;Sábado;08h00 - 17h00;24;2025/04/08;2025-04-14;2025-06-23 14:50:55.946549;2025-06-23 14:50:55.946555;Rua Xingu - 833 - Amadori - Pato Branco - PR
330;Sudoeste;Pato Branco;Logstica;Presencial;35;Matutino;Segunda a Sexta-feira;18h30 - 22h30;24;2025/04/08;2025-04-14;2025-06-23 14:50:55.948634;2025-06-23 14:50:55.948638;Rua Xingu - 833 - Amadori - Pato Branco - PR
331;RMC - Curitiba;Pinhais;Administração;EAD;35;Noturno;Quarta-feira;18h30 - 22h30;12;2025/04/08;2025-04-14;2025-06-23 14:50:55.950931;2025-06-23 14:50:55.950936;Rua Quinze de Outubro - 1207 - Centro - Pinhais - PR
332;RMC - Curitiba;Pinhais;Automação Industrial;EAD;35;Noturno;Segunda a Sexta-feira;18h30 - 22h30;24;2025/04/08;2025-04-14;2025-06-23 14:50:55.953386;2025-06-23 14:50:55.953393;Rua Quinze de Outubro - 1207 - Centro - Pinhais - PR
333;RMC - Curitiba;Pinhais;Eletromecânica;EAD;35;Integral;Sábado;08h00 - 17h00;24;2025/04/08;2025-04-14;2025-06-23 14:50:55.956206;2025-06-23 14:50:55.956210;Rua Quinze de Outubro - 1207 - Centro - Pinhais - PR
334;RMC - Curitiba;Pinhais;Eletromecânica;EAD;35;Noturno;Quinta-feira;18h30 - 22h30;24;2025/04/08;2025-04-14;2025-06-23 14:50:55.958568;2025-06-23 14:50:55.958574;Rua Quinze de Outubro - 1207 - Centro - Pinhais - PR
335;RMC - Curitiba;Pinhais;Mecânica;EAD;35;Noturno;Terça-feira;18h30 - 22h30;24;2025/04/08;2025-04-14;2025-06-23 14:50:55.960315;2025-06-23 14:50:55.960317;Rua Quinze de Outubro - 1207 - Centro - Pinhais - PR
336;Campos Gerais;Ponta Grossa;Automação Industrial;Presencial;35;Noturno;Segunda a Sexta-feira;18h30 - 22h30;24;2025/04/08;2025-04-14;2025-06-23 14:50:55.961736;2025-06-23 14:50:55.961739;Rua Dr Joaquim de Paula Xavier - 1050 - Vila Estrela - Ponta Grossa - Ponta Grossa - PR
337;Campos Gerais;Ponta Grossa;Automação Industrial;EAD;35;Integral;Sábado;08h00 - 17h00;24;2025/04/08;2025-04-14;2025-06-23 14:50:55.963136;2025-06-23 14:50:55.963138;Rua Dr Joaquim de Paula Xavier - 1050 - Vila Estrela - Ponta Grossa - Ponta Grossa - PR
338;Campos Gerais;Ponta Grossa;Biotecnologia;EAD;35;Noturno;Quinta-feira;18h30 - 22h30;24;2025/04/08;2025-04-14;2025-06-23 14:50:55.964764;2025-06-23 14:50:55.964767;Rua Dr Joaquim de Paula Xavier - 1050 - Vila Estrela - Ponta Grossa - Ponta Grossa - PR
339;Campos Gerais;Ponta Grossa;Desenvolvimento de Sistemas;EAD;35;Noturno;Quarta-feira;18h30 - 22h30;18;2025/04/08;2025-04-14;2025-06-23 14:50:55.966520;2025-06-23 14:50:55.966523;Rua Dr Joaquim de Paula Xavier - 1050 - Vila Estrela - Ponta Grossa - Ponta Grossa - PR
340;Campos Gerais;Ponta Grossa;Eletromecânica;EAD;35;Integral;Sábado;08h00 - 17h00;24;2025/04/08;2025-04-14;2025-06-23 14:50:55.968626;2025-06-23 14:50:55.968631;Rua Dr Joaquim de Paula Xavier - 1050 - Vila Estrela - Ponta Grossa - Ponta Grossa - PR
341;Campos Gerais;Ponta Grossa;Eletromecânica;EAD;35;Integral;Sábado;08h00 - 17h00;24;2025/04/08;2025-04-14;2025-06-23 14:50:55.971099;2025-06-23 14:50:55.971106;Rua Dr Joaquim de Paula Xavier - 1050 - Vila Estrela - Ponta Grossa - Ponta Grossa - PR
342;Campos Gerais;Ponta Grossa;Manutenção Automotiva;EAD;35;Integral;Sábado;08h00 - 17h00;24;2025/04/08;2025-04-14;2025-06-23 14:50:55.973856;2025-06-23 14:50:55.973860;Rua Dr Joaquim de Paula Xavier - 1050 - Vila Estrela - Ponta Grossa - Ponta Grossa - PR
343;Campos Gerais;Ponta Grossa;Manutenção Automotiva;Presencial;35;Noturno;Segunda a Sexta-feira;18h30 - 22h30;24;2025/04/08;2025-04-14;2025-06-23 14:50:55.975852;2025-06-23 14:50:55.975855;Rua Dr Joaquim de Paula Xavier - 1050 - Vila Estrela - Ponta Grossa - Ponta Grossa - PR
344;Campos Gerais;Ponta Grossa;Química;EAD;35;Noturno;Quarta-feira;18h30 - 22h30;24;2025/04/08;2025-04-14;2025-06-23 14:50:55.977490;2025-06-23 14:50:55.977493;Rua Dr Joaquim de Paula Xavier - 1050 - Vila Estrela - Ponta Grossa - Ponta Grossa - PR
345;Campos Gerais;Ponta Grossa;Segurança do Trabalho;EAD;35;Noturno;Segunda-feira;18h30 - 22h30;24;2025/04/08;2025-04-14;2025-06-23 14:50:55.979081;2025-06-23 14:50:55.979084;Rua Dr Joaquim de Paula Xavier - 1050 - Vila Estrela - Ponta Grossa - Ponta Grossa - PR
346;RMC - Curitiba;Rio Negro;Desenvolvimento de Sistemas;EAD;25;Noturno;Segunda-feira;18h30 - 22h30;18;2025/04/08;2025-04-14;2025-06-23 14:50:55.981126;2025-06-23 14:50:55.981129;Rua José Eduardo Henning - 50 - Rio Negro - PR
347;RMC - Curitiba;Rio Negro;Mecânica;EAD;25;Noturno;Quinta-feira;18h30 - 22h30;24;2025/04/08;2025-04-14;2025-06-23 14:50:55.982955;2025-06-23 14:50:55.982958;Rua José Eduardo Henning - 50 - Rio Negro - PR
348;RMC - Curitiba;Rio Negro;Programação de Jogos Digitais;Presencial;25;Noturno;Terça-feira;19h00 - 23h00;24;2025/04/08;2025-04-14;2025-06-23 14:50:55.984495;2025-06-23 14:50:55.984498;Rua José Eduardo Henning - 50 - Rio Negro - PR
349;RMC - Curitiba;Rio Negro;Segurança do Trabalho;EAD;25;Noturno;Segunda-feira;18h30 - 22h30;24;2025/04/08;2025-04-14;2025-06-23 14:50:55.985978;2025-06-23 14:50:55.985980;Rua José Eduardo Henning - 50 - Rio Negro - PR
350;Norte;Santo Antonio da Platina;Automação Industrial;EAD;35;Integral;Sábado;08h00 - 17h00;24;2025/04/08;2025-04-14;2025-06-23 14:50:55.988901;2025-06-23 14:50:55.988906;Rua José Vieira de Gusmão - 850 - Santo Antonio da Platina - PR
351;Norte;Santo Antonio da Platina;Eletromecânica;EAD;35;Integral;Sábado;08h00 - 17h00;24;2025/04/08;2025-04-14;2025-06-23 14:50:55.990597;2025-06-23 14:50:55.990629;Rua José Vieira de Gusmão - 850 - Santo Antonio da Platina - PR
352;Norte;Santo Antonio da Platina;Eletromecânica;EAD;35;Integral;Sábado;08h00 - 17h00;24;2025/04/08;2025-04-14;2025-06-23 14:50:55.992531;2025-06-23 14:50:55.992534;Rua José Vieira de Gusmão - 850 - Santo Antonio da Platina - PR
353;Norte;Santo Antonio da Platina;Segurança do Trabalho;EAD;35;Integral;Sábado;08h00 - 17h00;18;2025/04/08;2025-04-14;2025-06-23 14:50:55.993983;2025-06-23 14:50:55.993986;Rua José Vieira de Gusmão - 850 - Santo Antonio da Platina - PR
354;Campos Gerais;São Mateus do Sul;Eletromecânica;EAD;35;Noturno;Segunda e Quarta-feira;18h30 - 22h30;24;2025/04/08;2025-04-14;2025-06-23 14:50:55.995388;2025-06-23 14:50:55.995392;Rua Maria Paulina Wolter - 2050 - São Mateus do Sul - PR
355;Campos Gerais;São Mateus do Sul;Mecânica;Presencial;35;Noturno;Segunda a Sexta-feira;18h30 - 22h30;24;2025/04/08;2025-04-14;2025-06-23 14:50:55.997068;2025-06-23 14:50:55.997071;Rua Maria Paulina Wolter - 2050 - São Mateus do Sul - PR
356;Campos Gerais;Telâmaco Borba;Automação Industrial;EAD;40;Noturno;Segunda-feira;18h30 - 22h30;24;2025/04/08;2025-04-14;2025-06-23 14:50:55.998386;2025-06-23 14:50:55.998391;Av Presidente Kennedy - 66 - Centro - Telâmaco Borba - PR
357;Campos Gerais;Telâmaco Borba;Automação Industrial;Presencial;40;Vespertino;Segunda a Sexta-feira;13h30 - 17h30;24;2025/04/08;2025-04-14;2025-06-23 14:50:55.999961;2025-06-23 14:50:55.999964;Av Presidente Kennedy - 66 - Centro - Telâmaco Borba - PR
358;Campos Gerais;Telâmaco Borba;Automação Industrial;Presencial;40;Noturno;Segunda a Sexta-feira;18h30 - 22h30;24;2025/04/08;2025-04-14;2025-06-23 14:50:56.001502;2025-06-23 14:50:56.001505;Av Presidente Kennedy - 66 - Centro - Telâmaco Borba - PR
359;Campos Gerais;Telâmaco Borba;Celulose e Papel;EAD;40;Noturno;Segunda-feira;18h30 - 22h30;24;2025/04/08;2025-04-14;2025-06-23 14:50:56.003769;2025-06-23 14:50:56.003775;Av Presidente Kennedy - 66 - Centro - Telâmaco Borba - PR
360;Campos Gerais;Telâmaco Borba;Celulose e Papel;Presencial;40;Vespertino;Segunda a Sexta-feira;13h30 - 17h30;24;2025/04/08;2025-04-14;2025-06-23 14:50:56.005811;2025-06-23 14:50:56.005818;Av Presidente Kennedy - 66 - Centro - Telâmaco Borba - PR
361;Campos Gerais;Telâmaco Borba;Celulose e Papel;Presencial;40;Noturno;Segunda a Sexta-feira;18h30 - 22h30;24;2025/04/08;2025-04-14;2025-06-23 14:50:56.008713;2025-06-23 14:50:56.008720;Av Presidente Kennedy - 66 - Centro - Telâmaco Borba - PR
362;Campos Gerais;Telâmaco Borba;Eletromecânica;EAD;40;Noturno;Terça e Quarta-feira;18h30 - 22h30;24;2025/04/08;2025-04-14;2025-06-23 14:50:56.010630;2025-06-23 14:50:56.010633;Av Presidente Kennedy - 66 - Centro - Telâmaco Borba - PR
363;Campos Gerais;Telâmaco Borba;Eletromecânica;Presencial;40;Noturno;Segunda a Sexta-feira;18h30 - 22h30;24;2025/04/08;2025-04-14;2025-06-23 14:50:56.012220;2025-06-23 14:50:56.012223;Av Presidente Kennedy - 66 - Centro - Telâmaco Borba - PR
364;Campos Gerais;Telâmaco Borba;Eletromecânica;EAD;40;Noturno;Terça e Quarta-feira;18h30 - 22h30;24;2025/04/08;2025-04-14;2025-06-23 14:50:56.013749;2025-06-23 14:50:56.013752;Av Presidente Kennedy - 66 - Centro - Telâmaco Borba - PR
365;Campos Gerais;Telâmaco Borba;Eletromecânica;Presencial;40;Noturno;Segunda a Sexta-feira;18h30 - 22h30;24;2025/04/08;2025-04-14;2025-06-23 14:50:56.015134;2025-06-23 14:50:56.015138;Av Presidente Kennedy - 66 - Centro - Telâmaco Borba - PR
366;Oeste;Toledo;Alimentos;EAD;40;Noturno;Quinta-feira;18h40 - 22h40;24;2025/04/08;2025-04-14;2025-06-23 14:50:56.016915;2025-06-23 14:50:56.016918;Av Presidente Kennedy - 66 - Centro - Telâmaco Borba - PR
367;Oeste;Toledo;Edificações;EAD;40;Noturno;Segunda-feira;18h40 - 22h40;24;2025/04/08;2025-04-14;2025-06-23 14:50:56.018215;2025-06-23 14:50:56.018218;Rua Julio de Castilhos - 3465 - Vila Industria - Toledo - PR - Toledo - PR
368;Oeste;Toledo;Eletromecânica;EAD;40;Noturno;Segunda-feira;18h40 - 22h40;24;2025/04/08;2025-04-14;2025-06-23 14:50:56.020273;2025-06-23 14:50:56.020278;Rua Julio de Castilhos - 3465 - Vila Industria - Toledo - PR
369;Oeste;Toledo;Segurança do Trabalho;EAD;40;Noturno;Terça-feira;18h40 - 22h40;24;2025/04/08;2025-04-14;2025-06-23 14:50:56.022955;2025-06-23 14:50:56.022959;Rua Julio de Castilhos - 3465 - Vila Industria - Toledo - PR
370;Noroeste;Umuarama;Automação Industrial;EAD;25;Integral;Sábado;08h00 - 17h00;24;2025/04/08;2025-04-14;2025-06-23 14:50:56.025380;2025-06-23 14:50:56.025383;Rua Capital da Amizade - 2635 - Jardim Colibri - Umuarama - PR
371;Noroeste;Umuarama;Eletromecânica;EAD;25;Noturno;Terça-feira;19h00 - 23h00;24;2025/04/08;2025-04-14;2025-06-23 14:50:56.027240;2025-06-23 14:50:56.027245;Rua Capital da Amizade - 2635 - Jardim Colibri - Umuarama - PR
372;Noroeste;Umuarama;Eletromecânica;EAD;25;Noturno;Quinta-feira;19h00 - 23h00;24;2025/04/08;2025-04-14;2025-06-23 14:50:56.029020;2025-06-23 14:50:56.029023;Rua Capital da Amizade - 2635 - Jardim Colibri - Umuarama - PR
373;Campos Gerais;União da Vitória;Eletromecânica;EAD;35;Noturno;Terça e Quinta-feira;19h00 - 23h00;24;2025/04/08;2025-04-14;2025-06-23 14:50:56.030836;2025-06-23 14:50:56.030841;Rua Marechal Deodoro - 70 - Centro - União da Vitória - PR
374;Campos Gerais;União da Vitória;Eletromecânica;Presencial;35;Noturno;Segunda a Sexta-feira;19h00 - 23h00;24;2025/04/08;2025-04-14;2025-06-23 14:50:56.033163;2025-06-23 14:50:56.033166;Rua Marechal Deodoro - 70 - Centro - União da Vitória - PR
375;Campos Gerais;União da Vitória;Manutenção Automotiva;Presencial;35;Noturno;Segunda a Sexta-feira;19h00 - 23h00;24;2025/04/08;2025-04-14;2025-06-23 14:50:56.034690;2025-06-23 14:50:56.034694;Rua Marechal Deodoro - 70 - Centro - União da Vitória - PR
